1,2,3,4,5,6,7,8,9
EcACAT,ScHMGS,PmHMGR,ScMK,ScPMK,ScPMD,EcIDI,PaGPPS,MsLS
EcACAT,ScHMGS,PmHMGR,ScMK,ScPMK,ScPMD,EcIDI,PaGPPS,MsLS
EcACAT,ScHMGS,PmHMGR,ScMK,ScPMK,ScPMD,EcIDI,PaGPPS,MsLS
EcACAT,ScHMGS,PmHMGR,ScMK,ScPMK,ScPMD,EcIDI,PaGPPS,MsLS
EcACAT,ScHMGS,PmHMGR,ScMK,ScPMK,ScPMD,EcIDI,PaGPPS,MsLS
EcACAT,ScHMGS,PmHMGR,ScMK,ScPMK,ScPMD,EcIDI,PaGPPS,MsLS
EcACAT,ScHMGS,PmHMGR,ScMK,ScPMK,ScPMD,EcIDI,PaGPPS,MsLS
EcACAT,ScHMGS,PmHMGR,ScMK,ScPMK,ScPMD,EcIDI,PaGPPS,MsLS
EcACAT,ScHMGS,PmHMGR,ScMK,ScPMK,ScPMD,EcIDI,PaGPPS,MsLS
EcACAT,ScHMGS,PmHMGR,ScMK,ScPMK,ScPMD,EcIDI,PaGPPS,MsLS
EcACAT,ScHMGS,PmHMGR,ScMK,ScPMK,ScPMD,EcIDI,PaGPPS,MsLS
EcACAT,ScHMGS,PmHMGR,ScMK,ScPMK,ScPMD,EcIDI,PaGPPS,MsLS
EcACAT,ScHMGS,PmHMGR,ScMK,ScPMK,ScPMD,EcIDI,PaGPPS,MsLS
EcACAT,ScHMGS,PmHMGR,SaMK,ScPMK,ScPMD,EcIDI,PaGPPS,MsLS
EcACAT,ScHMGS,PmHMGR,ScMK,ScPMK,ScPMD,EcIDI,PaGPPS,MsLS
EcACAT,ScHMGS,PmHMGR,ScMK,ScPMK,ScPMD,EcIDI,PaGPPS,MsLS
EcACAT,ScHMGS,PmHMGR,ScMK,ScPMK,ScPMD,EcIDI,PaGPPS,MsLS
EcACAT,ScHMGS,PmHMGR,ScMK,ScPMK,ScPMD,EcIDI,PaGPPS,MsLS
EcACAT,ScHMGS,PmHMGR,ScMK,ScPMK,ScPMD,EcIDI,PaGPPS,MsLS
EcACAT,ScHMGS,PmHMGR,ScMK,ScPMK,ScPMD,EcIDI,PaGPPS,MsLS
EcACAT,ScHMGS,PmHMGR,ScMK,ScPMK,ScPMD,EcIDI,PaGPPS,MsLS
EcACAT,ScHMGS,PmHMGR,SaMK,ScPMK,ScPMD,EcIDI,PaGPPS,MsLS
EcACAT,ScHMGS,PmHMGR,SaMK,ScPMK,ScPMD,EcIDI,PaGPPS,MsLS
EcACAT,ScHMGS,PmHMGR,SaMK,ScPMK,ScPMD,EcIDI,PaGPPS,MsLS
EcACAT,ScHMGS,PmHMGR,SaMK,ScPMK,ScPMD,EcIDI,PaGPPS,MsLS
EcACAT,ScHMGS,PmHMGR,SaMK,ScPMK,ScPMD,EcIDI,PaGPPS,MsLS
EcACAT,ScHMGS,PmHMGR,SaMK,ScPMK,ScPMD,EcIDI,PaGPPS,MsLS
EcACAT,ScHMGS,PmHMGR,SaMK,ScPMK,ScPMD,EcIDI,PaGPPS,MsLS
EcACAT,ScHMGS,PmHMGR,SpMK,ScPMK,ScPMD,EcIDI,PaGPPS,MsLS
EcACAT,ScHMGS,PmHMGR,MmMK,ScPMK,ScPMD,EcIDI,PaGPPS,MsLS
EcACAT,ScHMGS,PmHMGR,PzMK,ScPMK,ScPMD,EcIDI,PaGPPS,MsLS
EcACAT,ScHMGS,PmHMGR,HmMK,ScPMK,ScPMD,EcIDI,PaGPPS,MsLS
EcACAT,ScHMGS,PmHMGR,NmMK,ScPMK,ScPMD,EcIDI,PaGPPS,MsLS
EcACAT,ScHMGS,PmHMGR,MxMK,ScPMK,ScPMD,EcIDI,PaGPPS,MsLS
EcACAT,ScHMGS,PmHMGR,BmMK,ScPMK,ScPMD,EcIDI,PaGPPS,MsLS
EcACAT,ScHMGS,PmHMGR,ScMK,ScPMK,ScPMD,EcIDI,PaGPPS,MsLS
EcACAT,ScHMGS,PmHMGR,ScMK,ScPMK,ScPMD,EcIDI,PaGPPS,MsLS
EcACAT,ScHMGS,#VALUE!,ScMK,ScPMK,ScPMD,EcIDI,PaGPPS,MsLS
EcACAT,ScHMGS,ScHMGR,ScMK,ScPMK,ScPMD,EcIDI,PaGPPS,MsLS
EcACAT,ScHMGS,SaHMGR,ScMK,ScPMK,ScPMD,EcIDI,PaGPPS,MsLS
EcACAT,ScHMGS,SpHMGR,ScMK,ScPMK,ScPMD,EcIDI,PaGPPS,MsLS
EcACAT,ScHMGS,BpHMGR,ScMK,ScPMK,ScPMD,EcIDI,PaGPPS,MsLS
EcACAT,ScHMGS,DaHMGR,ScMK,ScPMK,ScPMD,EcIDI,PaGPPS,MsLS
EcACAT,ScHMGS,PmHMGR,ScMK,#VALUE!,ScPMD,EcIDI,PaGPPS,MsLS
EcACAT,ScHMGS,PmHMGR,ScMK,SaPMK,ScPMD,EcIDI,PaGPPS,MsLS
EcACAT,ScHMGS,PmHMGR,ScMK,SpPMK,ScPMD,EcIDI,PaGPPS,MsLS
EcACAT,ScHMGS,PmHMGR,ScMK,EfPMK,ScPMD,EcIDI,PaGPPS,MsLS
EcACAT,ScHMGS,PmHMGR,ScMK,PzPMK,ScPMD,EcIDI,PaGPPS,MsLS
EcACAT,ScHMGS,PmHMGR,ScMK,ThPMK,ScPMD,EcIDI,PaGPPS,MsLS
EcACAT,ScHMGS,PmHMGR,ScMK,EcPMK,ScPMD,EcIDI,PaGPPS,MsLS
EcACAT,ScHMGS,PmHMGR,ScMK,ScPMK,#VALUE!,EcIDI,PaGPPS,MsLS
EcACAT,ScHMGS,PmHMGR,ScMK,ScPMK,SaPMD,EcIDI,PaGPPS,MsLS
EcACAT,ScHMGS,PmHMGR,ScMK,ScPMK,SpPMD,EcIDI,PaGPPS,MsLS
EcACAT,ScHMGS,PmHMGR,ScMK,ScPMK,PkPMD,EcIDI,PaGPPS,MsLS
EcACAT,ScHMGS,PmHMGR,ScMK,ScPMK,PzPMD,EcIDI,PaGPPS,MsLS
EcACAT,ScHMGS,PmHMGR,ScMK,ScPMK,HmPMD,EcIDI,PaGPPS,MsLS
EcACAT,ScHMGS,PmHMGR,ScMK,ScPMK,ZgPMD,EcIDI,PaGPPS,MsLS
EcACAT,ScHMGS,PmHMGR,ScMK,ScPMK,ScPMD,#VALUE!,PaGPPS,MsLS
EcACAT,ScHMGS,PmHMGR,ScMK,ScPMK,ScPMD,BsIDI,PaGPPS,MsLS
EcACAT,ScHMGS,PmHMGR,ScMK,ScPMK,ScPMD,SceIDI,PaGPPS,MsLS
EcACAT,ScHMGS,PmHMGR,ScMK,ScPMK,ScPMD,SlIDI,PaGPPS,MsLS
EcACAT,ScHMGS,PmHMGR,ScMK,ScPMK,ScPMD,StIDI,PaGPPS,MsLS
EcACAT,ScHMGS,PmHMGR,ScMK,ScPMK,ScPMD,PzIDI,PaGPPS,MsLS
EcACAT,ScHMGS,PmHMGR,ScMK,ScPMK,ScPMD,SaIDI,PaGPPS,MsLS
EcACAT,ScHMGS,PmHMGR,ScMK,ScPMK,ScPMD,SclIDI,PaGPPS,MsLS
EcACAT,ScHMGS,PmHMGR,ScMK,ScPMK,ScPMD,EcIDI,#VALUE!,MsLS
EcACAT,ScHMGS,PmHMGR,ScMK,ScPMK,ScPMD,EcIDI,AgGPPS,MsLS
EcACAT,ScHMGS,PmHMGR,ScMK,ScPMK,ScPMD,EcIDI,StGPPS,MsLS
EcACAT,ScHMGS,PmHMGR,ScMK,ScPMK,ScPMD,EcIDI,PgGPPS,MsLS
EcACAT,ScHMGS,PmHMGR,ScMK,ScPMK,ScPMD,EcIDI,PkGPPS,MsLS
EcACAT,ScHMGS,PmHMGR,ScMK,ScPMK,ScPMD,EcIDI,Sc*GPPS,MsLS
EcACAT,ScHMGS,PmHMGR,ScMK,ScPMK,ScPMD,EcIDI,EcGPPS/FPPS,MsLS
EcACAT,ScHMGS,PmHMGR,ScMK,ScPMK,ScPMD,EcIDI,PaGPPS,#VALUE!
EcACAT,ScHMGS,PmHMGR,ScMK,ScPMK,ScPMD,EcIDI,PaGPPS,MsLS
EcACAT,ScHMGS,PmHMGR,ScMK,ScPMK,ScPMD,EcIDI,PaGPPS,ClLS
EcACAT,ScHMGS,PmHMGR,ScMK,ScPMK,ScPMD,EcIDI,PaGPPS,PfLS
EcACAT,ScHMGS,PmHMGR,ScMK,ScPMK,ScPMD,EcIDI,PaGPPS,StLS
EcACAT,ScHMGS,PmHMGR,ScMK,ScPMK,ScPMD,EcIDI,PaGPPS,LaLS
EcACAT,ScHMGS,PmHMGR,ScMK,ScPMK,ScPMD,EcIDI,PaGPPS,SlLS
EcACAT,ScHMGS,PmHMGR,ScMK,ScPMK,ScPMD,EcIDI,PaGPPS,PaLS
EcACAT,ScHMGS,PmHMGR,ScMK,ScPMK,ScPMD,EcIDI,PaGPPS,MsLS
EcACAT,ScHMGS,PmHMGR,ScMK,ScPMK,ScPMD,EcIDI,PaGPPS,MsLS
EcACAT,ScHMGS,PmHMGR,ScMK,ScPMK,ScPMD,EcIDI,PaGPPS,MsLS
EcACAT,ScHMGS,PmHMGR,ScMK,ScPMK,ScPMD,EcIDI,PaGPPS,MsLS
EcACAT,ScHMGS,PmHMGR,ScMK,ScPMK,ScPMD,EcIDI,PaGPPS,MsLS
EcACAT,ScHMGS,PmHMGR,MmMK,SpPMK,ScPMD,SclIDI,PaGPPS,MsLS
EcACAT,ScHMGS,PmHMGR,MmMK,SpPMK,ScPMD,SclIDI,PaGPPS,MsLS
EcACAT,ScHMGS,BpHMGR,MmMK,SpPMK,ScPMD,SclIDI,PaGPPS,MsLS
EcACAT,ScHMGS,DaHMGR,MmMK,SpPMK,ScPMD,SclIDI,PaGPPS,MsLS
EcACAT,ScHMGS,PmHMGR,MmMK,SpPMK,ScPMD,SclIDI,PgGPPS,MsLS
EcACAT,ScHMGS,BpHMGR,MmMK,SpPMK,ScPMD,SclIDI,PgGPPS,MsLS
EcACAT,ScHMGS,DaHMGR,MmMK,SpPMK,ScPMD,SclIDI,PgGPPS,MsLS
EcACAT,ScHMGS,PmHMGR,ScMK,ScPMK,ScPMD,EcIDI,PaGPPS,MsLS
EcACAT,SaHMGS,PmHMGR,ScMK,ScPMK,ScPMD,EcIDI,PaGPPS,MsLS
EcACAT,ScHMGS,PmHMGR,ScMK,ScPMK,ScPMD,EcIDI,#VALUE!,MsLS
EcACAT,ScHMGS,PmHMGR,ScMK,ScPMK,ScPMD,EcIDI,PaGPPS,MsLS
EcACAT,ScHMGS,BpHMGR,MmMK,SpPMK,ScPMD,SclIDI,PaGPPS,MsLS
EcACAT,ScHMGS,BpHMGR,MmMK,SpPMK,ScPMD,SclIDI,PaGPPS,MsLS
EcACAT,ScHMGS,BpHMGR,MmMK,SpPMK,ScPMD,SclIDI,PaGPPS,MsLS
EcACAT,ScHMGS,BpHMGR,MmMK,SpPMK,ScPMD,SclIDI,PaGPPS,MsLS
EcACAT,ScHMGS,BpHMGR,MmMK,SpPMK,ScPMD,SclIDI,PaGPPS,MsLS
EcACAT,ScHMGS,BpHMGR,MmMK,SpPMK,ScPMD,SclIDI,PaGPPS,MsLS
EcACAT,ScHMGS,BpHMGR,MmMK,SpPMK,ScPMD,SclIDI,PaGPPS,MsLS
EcACAT,ScHMGS,BpHMGR,MmMK,SpPMK,ScPMD,SclIDI,PaGPPS,MsLS
EcACAT,ScHMGS,BpHMGR,MmMK,SpPMK,ScPMD,SclIDI,PaGPPS,MsLS
EcACAT,ScHMGS,BpHMGR,MmMK,SpPMK,ScPMD,SclIDI,PaGPPS,MsLS
EcACAT,ScHMGS,BpHMGR,MmMK,SpPMK,ScPMD,SclIDI,PaGPPS,MsLS
EcACAT,ScHMGS,BpHMGR,MmMK,SpPMK,ScPMD,SclIDI,PaGPPS,MsLS
EcACAT,ScHMGS,BpHMGR,MmMK,SpPMK,ScPMD,SclIDI,PaGPPS,MsLS
EcACAT,ScHMGS,BpHMGR,MmMK,SpPMK,ScPMD,SclIDI,PaGPPS,MsLS
EcACAT,ScHMGS,BpHMGR,MmMK,SpPMK,ScPMD,SclIDI,PaGPPS,MsLS
EcACAT,ScHMGS,BpHMGR,MmMK,SpPMK,ScPMD,SclIDI,PaGPPS,MsLS
EcACAT,ScHMGS,BpHMGR,MmMK,SpPMK,ScPMD,SclIDI,PaGPPS,MsLS
EcACAT,ScHMGS,BpHMGR,MmMK,SpPMK,ScPMD,SclIDI,PaGPPS,MsLS
EcACAT,ScHMGS,BpHMGR,MmMK,SpPMK,ScPMD,SclIDI,PaGPPS,MsLS
EcACAT,ScHMGS,BpHMGR,MmMK,SpPMK,ScPMD,SclIDI,PaGPPS,MsLS
EcACAT,ScHMGS,BpHMGR,MmMK,SpPMK,ScPMD,SclIDI,PaGPPS,MsLS
EcACAT,ScHMGS,BpHMGR,MmMK,SpPMK,ScPMD,SclIDI,PaGPPS,MsLS
EcACAT,ScHMGS,BpHMGR,MmMK,SpPMK,ScPMD,SclIDI,PaGPPS,MsLS
EcACAT,ScHMGS,BpHMGR,MmMK,SpPMK,ScPMD,SclIDI,PaGPPS,MsLS
EcACAT,ScHMGS,BpHMGR,MmMK,SpPMK,ScPMD,SclIDI,PaGPPS,MsLS
EcACAT,ScHMGS,BpHMGR,MmMK,SpPMK,ScPMD,SclIDI,PaGPPS,MsLS
EcACAT,ScHMGS,BpHMGR,MmMK,SpPMK,ScPMD,SclIDI,PaGPPS,MsLS
EcACAT,ScHMGS,BpHMGR,MmMK,SpPMK,ScPMD,SclIDI,PaGPPS,MsLS
EcACAT,ScHMGS,BpHMGR,MmMK,SpPMK,ScPMD,SclIDI,PaGPPS,MsLS
EcACAT,ScHMGS,BpHMGR,MmMK,SpPMK,ScPMD,SclIDI,PaGPPS,MsLS
EcACAT,ScHMGS,BpHMGR,MmMK,SpPMK,ScPMD,SclIDI,PaGPPS,MsLS
EcACAT,ScHMGS,BpHMGR,MmMK,SpPMK,ScPMD,SclIDI,PaGPPS,MsLS
EcACAT,ScHMGS,BpHMGR,MmMK,SpPMK,ScPMD,SclIDI,PaGPPS,MsLS
EcACAT,ScHMGS,BpHMGR,MmMK,SpPMK,ScPMD,SclIDI,PaGPPS,MsLS
EcACAT,ScHMGS,BpHMGR,MmMK,SpPMK,ScPMD,SclIDI,PaGPPS,MsLS
EcACAT,ScHMGS,BpHMGR,MmMK,SpPMK,ScPMD,SclIDI,PaGPPS,MsLS
EcACAT,ScHMGS,BpHMGR,MmMK,SpPMK,ScPMD,SclIDI,PaGPPS,MsLS
EcACAT,ScHMGS,BpHMGR,MmMK,SpPMK,ScPMD,SclIDI,PaGPPS,MsLS
EcACAT,ScHMGS,BpHMGR,MmMK,SpPMK,ScPMD,SclIDI,PaGPPS,MsLS
EcACAT,ScHMGS,BpHMGR,MmMK,SpPMK,ScPMD,SclIDI,PaGPPS,MsLS
EcACAT,ScHMGS,BpHMGR,MmMK,SpPMK,ScPMD,SclIDI,PaGPPS,MsLS
EcACAT,ScHMGS,BpHMGR,MmMK,SpPMK,ScPMD,SclIDI,PaGPPS,MsLS
EcACAT,ScHMGS,BpHMGR,MmMK,SpPMK,ScPMD,SclIDI,PaGPPS,MsLS
EcACAT,ScHMGS,BpHMGR,MmMK,SpPMK,ScPMD,SclIDI,PaGPPS,MsLS
EcACAT,ScHMGS,BpHMGR,MmMK,SpPMK,ScPMD,SclIDI,PaGPPS,MsLS
EcACAT,ScHMGS,BpHMGR,MmMK,SpPMK,ScPMD,SclIDI,PaGPPS,MsLS
EcACAT,ScHMGS,BpHMGR,MmMK,SpPMK,ScPMD,SclIDI,PaGPPS,MsLS
EcACAT,ScHMGS,BpHMGR,MmMK,SpPMK,ScPMD,SclIDI,PaGPPS,MsLS
EcACAT,ScHMGS,BpHMGR,MmMK,SpPMK,ScPMD,SclIDI,PaGPPS,MsLS
EcACAT,ScHMGS,BpHMGR,MmMK,SpPMK,ScPMD,SclIDI,PaGPPS,MsLS
EcACAT,ScHMGS,BpHMGR,MmMK,SpPMK,ScPMD,SclIDI,PaGPPS,MsLS
EcACAT,ScHMGS,BpHMGR,MmMK,SpPMK,ScPMD,SclIDI,PaGPPS,MsLS
EcACAT,ScHMGS,BpHMGR,MmMK,SpPMK,ScPMD,SclIDI,PaGPPS,MsLS
EcACAT,ScHMGS,BpHMGR,MmMK,SpPMK,ScPMD,SclIDI,PaGPPS,MsLS
EcACAT,ScHMGS,BpHMGR,MmMK,SpPMK,ScPMD,SclIDI,PaGPPS,MsLS
EcACAT,ScHMGS,BpHMGR,MmMK,SpPMK,ScPMD,SclIDI,PaGPPS,MsLS
EcACAT,ScHMGS,BpHMGR,MmMK,SpPMK,ScPMD,SclIDI,PaGPPS,ClLS
EcACAT,ScHMGS,BpHMGR,MmMK,SpPMK,ScPMD,SclIDI,PaGPPS,PfLS
EcACAT,ScHMGS,BpHMGR,MmMK,SpPMK,ScPMD,SclIDI,PaGPPS,StLS
EcACAT,ScHMGS,BpHMGR,MmMK,SpPMK,ScPMD,SclIDI,PaGPPS,LaLS
EcACAT,ScHMGS,BpHMGR,MmMK,SpPMK,ScPMD,SclIDI,PaGPPS,SlLS
EcACAT,ScHMGS,BpHMGR,MmMK,SpPMK,ScPMD,SclIDI,PaGPPS,PaLS
EcACAT,ScHMGS,BpHMGR,MmMK,SpPMK,ScPMD,SclIDI,PgGPPS,MsLS
EcACAT,ScHMGS,BpHMGR,MmMK,SpPMK,ScPMD,SclIDI,PgGPPS,ClLS
EcACAT,ScHMGS,BpHMGR,MmMK,SpPMK,ScPMD,SclIDI,PgGPPS,PfLS
EcACAT,ScHMGS,BpHMGR,MmMK,SpPMK,ScPMD,SclIDI,PgGPPS,StLS
EcACAT,ScHMGS,BpHMGR,MmMK,SpPMK,ScPMD,SclIDI,PgGPPS,LaLS
EcACAT,ScHMGS,BpHMGR,MmMK,SpPMK,ScPMD,SclIDI,PgGPPS,SlLS
EcACAT,ScHMGS,BpHMGR,MmMK,SpPMK,ScPMD,SclIDI,PgGPPS,PaLS
EcACAT,ScHMGS,BpHMGR,MmMK,SpPMK,ScPMD,SclIDI,#VALUE!,MsLS
EcACAT,ScHMGS,BpHMGR,MmMK,SpPMK,ScPMD,SclIDI,#VALUE!,ClLS
EcACAT,ScHMGS,BpHMGR,MmMK,SpPMK,ScPMD,SclIDI,#VALUE!,PfLS
EcACAT,ScHMGS,BpHMGR,MmMK,SpPMK,ScPMD,SclIDI,#VALUE!,StLS
EcACAT,ScHMGS,BpHMGR,MmMK,SpPMK,ScPMD,SclIDI,#VALUE!,LaLS
EcACAT,ScHMGS,BpHMGR,MmMK,SpPMK,ScPMD,SclIDI,#VALUE!,SlLS
EcACAT,ScHMGS,BpHMGR,MmMK,SpPMK,ScPMD,SclIDI,#VALUE!,PaLS
EcACAT,ScHMGS,BpHMGR,MmMK,SpPMK,ScPMD,SclIDI,PaGPPS,MsLS
EcACAT,ScHMGS,BpHMGR,MmMK,SpPMK,ScPMD,SclIDI,PaGPPS,MsLS
EcACAT,ScHMGS,BpHMGR,MmMK,SpPMK,ScPMD,SclIDI,#VALUE!,MsLS
EcACAT,ScHMGS,BpHMGR,MmMK,SpPMK,ScPMD,SclIDI,PaGPPS,MsLS
EcACAT,ScHMGS,BpHMGR,MmMK,SpPMK,ScPMD,SclIDI,PaGPPS,MsLS
EcACAT,ScHMGS,BpHMGR,MmMK,SpPMK,ScPMD,SclIDI,PaGPPS,MsLS
EcACAT,ScHMGS,BpHMGR,MmMK,SpPMK,ScPMD,SclIDI,PgGPPS,MsLS
EcACAT,ScHMGS,BpHMGR,MmMK,SpPMK,ScPMD,SclIDI,PgGPPS,MsLS
EcACAT,ScHMGS,BpHMGR,MmMK,SpPMK,ScPMD,SclIDI,PgGPPS,MsLS
EcACAT,ScHMGS,BpHMGR,MmMK,SpPMK,ScPMD,SclIDI,#VALUE!,MsLS
EcACAT,ScHMGS,BpHMGR,MmMK,SpPMK,ScPMD,SclIDI,PaGPPS,MsLS
EcACAT,ScHMGS,BpHMGR,MmMK,SpPMK,ScPMD,SclIDI,PaGPPS,MsLS
EcACAT,ScHMGS,BpHMGR,MmMK,SpPMK,ScPMD,SclIDI,PaGPPS,MsLS
EcACAT,ScHMGS,BpHMGR,MmMK,SpPMK,ScPMD,SclIDI,PgGPPS,MsLS
EcACAT,ScHMGS,BpHMGR,MmMK,SpPMK,ScPMD,SclIDI,PgGPPS,MsLS
EcACAT,ScHMGS,BpHMGR,MmMK,SpPMK,ScPMD,SclIDI,PgGPPS,MsLS
EcACAT,ScHMGS,BpHMGR,MmMK,SpPMK,ScPMD,SclIDI,PaGPPS,MsLS
EcACAT,ScHMGS,BpHMGR,MmMK,SpPMK,ScPMD,SclIDI,PaGPPS,MsLS
EcACAT,ScHMGS,BpHMGR,MmMK,SpPMK,ScPMD,SclIDI,PaGPPS,MsLS
EcACAT,ScHMGS,BpHMGR,MmMK,SpPMK,ScPMD,SclIDI,PaGPPS,ClLS
EcACAT,ScHMGS,BpHMGR,MmMK,SpPMK,ScPMD,SclIDI,PaGPPS,ClLS
EcACAT,ScHMGS,BpHMGR,MmMK,SpPMK,ScPMD,SclIDI,PaGPPS,ClLS
EcACAT,ScHMGS,BpHMGR,MmMK,SpPMK,ScPMD,SclIDI,PgGPPS,MsLS
EcACAT,ScHMGS,BpHMGR,MmMK,SpPMK,ScPMD,SclIDI,PgGPPS,MsLS
EcACAT,ScHMGS,BpHMGR,MmMK,SpPMK,ScPMD,SclIDI,PgGPPS,MsLS
EcACAT,ScHMGS,BpHMGR,MmMK,SpPMK,ScPMD,SclIDI,PgGPPS,ClLS
EcACAT,ScHMGS,BpHMGR,MmMK,SpPMK,ScPMD,SclIDI,PgGPPS,ClLS
EcACAT,ScHMGS,BpHMGR,MmMK,SpPMK,ScPMD,SclIDI,PgGPPS,ClLS
EcACAT,ScHMGS,BpHMGR,MmMK,SpPMK,ScPMD,SclIDI,#VALUE!,MsLS
EcACAT,ScHMGS,BpHMGR,MmMK,SpPMK,ScPMD,SclIDI,PaGPPS,MsLS
EcACAT,ScHMGS,BpHMGR,MmMK,SpPMK,ScPMD,SclIDI,PaGPPS,MsLS
EcACAT,ScHMGS,BpHMGR,MmMK,SpPMK,ScPMD,SclIDI,#VALUE!,ClLS
EcACAT,ScHMGS,BpHMGR,MmMK,SpPMK,ScPMD,SclIDI,PaGPPS,ClLS
EcACAT,ScHMGS,BpHMGR,MmMK,SpPMK,ScPMD,SclIDI,PaGPPS,ClLS
EcACAT,ScHMGS,BpHMGR,MmMK,SpPMK,ScPMD,SclIDI,PgGPPS,MsLS
EcACAT,ScHMGS,BpHMGR,MmMK,SpPMK,ScPMD,SclIDI,PgGPPS,MsLS
EcACAT,ScHMGS,BpHMGR,MmMK,SpPMK,ScPMD,SclIDI,PgGPPS,ClLS
EcACAT,ScHMGS,BpHMGR,MmMK,SpPMK,ScPMD,SclIDI,PgGPPS,ClLS
EcACAT,ScHMGS,BpHMGR,MmMK,SpPMK,ScPMD,SclIDI,#VALUE!,#VALUE!
EcACAT,ScHMGS,PmHMGR,ScMK,ScPMK,ScPMD,EcIDI,PaGPPS,MsLS
EcACAT,SaHMGS,SaHMGR,ScMK,ScPMK,ScPMD,EcIDI,AgGPPS,MsLS
EcACAT,SaHMGS,SaHMGR,ScMK,ScPMK,ScPMD,EcIDI,AgGPPS,MsLS
EcACAT,SaHMGS,SaHMGR,ScMK,ScPMK,ScPMD,EcIDI,AgGPPS,MsLS
EcACAT,SaHMGS,SaHMGR,ScMK,ScPMK,ScPMD,EcIDI,AgGPPS,MsLS
EcACAT,SaHMGS,SaHMGR,ScMK,ScPMK,ScPMD,EcIDI,AgGPPS,MsLS
EcACAT,SaHMGS,SaHMGR,ScMK,ScPMK,ScPMD,EcIDI,AgGPPS,MsLS
EcACAT,SaHMGS,SaHMGR,ScMK,ScPMK,ScPMD,EcIDI,AgGPPS,MsLS
EcACAT,SaHMGS,SaHMGR,ScMK,ScPMK,ScPMD,EcIDI,AgGPPS,MsLS
EcACAT,SaHMGS,SaHMGR,ScMK,ScPMK,ScPMD,EcIDI,AgGPPS,MsLS
EcACAT,SaHMGS,SaHMGR,ScMK,ScPMK,ScPMD,EcIDI,AgGPPS,MsLS
EcACAT,SaHMGS,SaHMGR,ScMK,ScPMK,ScPMD,EcIDI,AgGPPS,MsLS
EcACAT,SaHMGS,SaHMGR,ScMK,ScPMK,ScPMD,EcIDI,AgGPPS,MsLS
EcACAT,SaHMGS,SaHMGR,ScMK,ScPMK,ScPMD,EcIDI,AgGPPS,MsLS
EcACAT,SaHMGS,SaHMGR,ScMK,ScPMK,ScPMD,EcIDI,AgGPPS,MsLS
EcACAT,SaHMGS,SaHMGR,ScMK,ScPMK,ScPMD,EcIDI,AgGPPS,MsLS
EcACAT,SaHMGS,SaHMGR,ScMK,ScPMK,ScPMD,EcIDI,AgGPPS,MsLS
EcACAT,SaHMGS,SaHMGR,ScMK,ScPMK,ScPMD,EcIDI,AgGPPS,MsLS
EcACAT,SaHMGS,SaHMGR,ScMK,ScPMK,ScPMD,EcIDI,AgGPPS,MsLS
EcACAT,SaHMGS,SaHMGR,ScMK,ScPMK,ScPMD,EcIDI,AgGPPS,MsLS
EcACAT,SaHMGS,SaHMGR,ScMK,ScPMK,ScPMD,EcIDI,AgGPPS,MsLS
EcACAT,SaHMGS,SaHMGR,ScMK,ScPMK,ScPMD,EcIDI,AgGPPS,MsLS
EcACAT,SaHMGS,SaHMGR,ScMK,ScPMK,ScPMD,EcIDI,AgGPPS,MsLS
EcACAT,SaHMGS,SaHMGR,ScMK,ScPMK,ScPMD,EcIDI,AgGPPS,MsLS
EcACAT,SaHMGS,SaHMGR,ScMK,ScPMK,ScPMD,EcIDI,AgGPPS,MsLS
EcACAT,SaHMGS,SaHMGR,ScMK,ScPMK,ScPMD,EcIDI,AgGPPS,MsLS
EcACAT,SaHMGS,SaHMGR,ScMK,ScPMK,ScPMD,EcIDI,AgGPPS,MsLS
EcACAT,SaHMGS,SaHMGR,ScMK,ScPMK,ScPMD,EcIDI,AgGPPS,MsLS
EcACAT,SaHMGS,SaHMGR,ScMK,ScPMK,ScPMD,EcIDI,AgGPPS,MsLS
EcACAT,SaHMGS,SaHMGR,ScMK,ScPMK,ScPMD,EcIDI,AgGPPS,MsLS
EcACAT,SaHMGS,SaHMGR,ScMK,ScPMK,ScPMD,EcIDI,AgGPPS,MsLS
EcACAT,SaHMGS,SaHMGR,ScMK,ScPMK,ScPMD,EcIDI,AgGPPS,MsLS
EcACAT,SaHMGS,SaHMGR,ScMK,ScPMK,ScPMD,EcIDI,AgGPPS,MsLS
EcACAT,SaHMGS,SaHMGR,ScMK,ScPMK,ScPMD,EcIDI,AgGPPS,MsLS
EcACAT,SaHMGS,SaHMGR,ScMK,ScPMK,ScPMD,EcIDI,AgGPPS,MsLS
EcACAT,SaHMGS,SaHMGR,ScMK,ScPMK,ScPMD,EcIDI,AgGPPS,MsLS
EcACAT,SaHMGS,SaHMGR,ScMK,ScPMK,ScPMD,EcIDI,AgGPPS,MsLS
EcACAT,SaHMGS,SaHMGR,ScMK,ScPMK,ScPMD,EcIDI,AgGPPS,MsLS
EcACAT,SaHMGS,SaHMGR,ScMK,ScPMK,ScPMD,EcIDI,AgGPPS,MsLS
EcACAT,SaHMGS,SaHMGR,ScMK,ScPMK,ScPMD,EcIDI,AgGPPS,MsLS
EcACAT,SaHMGS,SaHMGR,ScMK,ScPMK,ScPMD,EcIDI,AgGPPS,MsLS
EcACAT,SaHMGS,SaHMGR,ScMK,ScPMK,ScPMD,EcIDI,AgGPPS,MsLS
EcACAT,SaHMGS,SaHMGR,ScMK,ScPMK,ScPMD,EcIDI,AgGPPS,MsLS
EcACAT,SaHMGS,SaHMGR,ScMK,ScPMK,ScPMD,EcIDI,AgGPPS,MsLS
EcACAT,SaHMGS,SaHMGR,ScMK,ScPMK,ScPMD,EcIDI,AgGPPS,MsLS
EcACAT,SaHMGS,SaHMGR,ScMK,ScPMK,ScPMD,EcIDI,AgGPPS,MsLS
EcACAT,SaHMGS,SaHMGR,ScMK,ScPMK,ScPMD,EcIDI,AgGPPS,MsLS
EcACAT,SaHMGS,SaHMGR,ScMK,ScPMK,ScPMD,EcIDI,AgGPPS,MsLS
EcACAT,SaHMGS,SaHMGR,ScMK,ScPMK,ScPMD,EcIDI,AgGPPS,MsLS
EcACAT,SaHMGS,SaHMGR,ScMK,ScPMK,ScPMD,EcIDI,AgGPPS,MsLS
EcACAT,SaHMGS,SaHMGR,ScMK,ScPMK,ScPMD,EcIDI,AgGPPS,MsLS
EcACAT,SaHMGS,SaHMGR,ScMK,ScPMK,ScPMD,EcIDI,AgGPPS,MsLS
EcACAT,SaHMGS,SaHMGR,ScMK,ScPMK,ScPMD,EcIDI,AgGPPS,MsLS
EcACAT,SaHMGS,SaHMGR,ScMK,ScPMK,ScPMD,EcIDI,AgGPPS,MsLS
EcACAT,ScHMGS,BpHMGR,MmMK,SpPMK,ScPMD,SclIDI,PgGPPS,MsLS
EcACAT,ScHMGS,BpHMGR,MmMK,SpPMK,ScPMD,SclIDI,PgGPPS,MsLS
EcACAT,ScHMGS,BpHMGR,MmMK,SpPMK,ScPMD,SclIDI,PgGPPS,MsLS
EcACAT,ScHMGS,BpHMGR,MmMK,SpPMK,ScPMD,SclIDI,PgGPPS,MsLS
EcACAT,ScHMGS,BpHMGR,MmMK,SpPMK,ScPMD,SclIDI,PgGPPS,MsLS
EcACAT,ScHMGS,BpHMGR,MmMK,SpPMK,ScPMD,SclIDI,PgGPPS,MsLS
EcACAT,ScHMGS,BpHMGR,MmMK,SpPMK,ScPMD,SclIDI,PgGPPS,MsLS
EcACAT,ScHMGS,BpHMGR,MmMK,SpPMK,ScPMD,SclIDI,PgGPPS,MsLS
EcACAT,ScHMGS,BpHMGR,MmMK,SpPMK,ScPMD,SclIDI,PgGPPS,MsLS
EcACAT,ScHMGS,BpHMGR,MmMK,SpPMK,ScPMD,SclIDI,PgGPPS,MsLS
EcACAT,ScHMGS,PmHMGR,ScMK,ScPMK,ScPMD,EcIDI,PaGPPS,MsLS
EcACAT,ScHMGS,PmHMGR,ScMK,ScPMK,ScPMD,EcIDI,PaGPPS,MsLS
EcACAT,ScHMGS,PmHMGR,ScMK,ScPMK,ScPMD,EcIDI,PaGPPS,MsLS
EcACAT,ScHMGS,PmHMGR,ScMK,ScPMK,ScPMD,EcIDI,PaGPPS,MsLS
EcACAT,ScHMGS,PmHMGR,ScMK,ScPMK,ScPMD,EcIDI,PaGPPS,MsLS
EcACAT,ScHMGS,PmHMGR,ScMK,ScPMK,ScPMD,EcIDI,PaGPPS,MsLS
EcACAT,ScHMGS,PmHMGR,ScMK,ScPMK,ScPMD,EcIDI,PaGPPS,MsLS
EcACAT,ScHMGS,PmHMGR,ScMK,ScPMK,ScPMD,EcIDI,PaGPPS,MsLS
EcACAT,ScHMGS,PmHMGR,ScMK,ScPMK,ScPMD,EcIDI,PaGPPS,MsLS
EcACAT,ScHMGS,PmHMGR,ScMK,ScPMK,ScPMD,EcIDI,PaGPPS,MsLS
EcACAT,ScHMGS,PmHMGR,ScMK,ScPMK,ScPMD,EcIDI,PaGPPS,MsLS
EcACAT,ScHMGS,PmHMGR,ScMK,ScPMK,ScPMD,EcIDI,PaGPPS,MsLS
EcACAT,ScHMGS,PmHMGR,ScMK,ScPMK,ScPMD,EcIDI,PaGPPS,MsLS
EcACAT,ScHMGS,PmHMGR,ScMK,ScPMK,ScPMD,EcIDI,PaGPPS,MsLS
EcACAT,ScHMGS,PmHMGR,ScMK,ScPMK,ScPMD,EcIDI,PaGPPS,MsLS
EcACAT,ScHMGS,PmHMGR,ScMK,ScPMK,ScPMD,EcIDI,PaGPPS,MsLS
EcACAT,ScHMGS,PmHMGR,ScMK,ScPMK,ScPMD,EcIDI,PaGPPS,MsLS
EcACAT,ScHMGS,PmHMGR,ScMK,ScPMK,ScPMD,EcIDI,PaGPPS,MsLS
EcACAT,ScHMGS,BpHMGR,MmMK,SpPMK,ScPMD,SclIDI,PaGPPS,MsLS
EcACAT,ScHMGS,BpHMGR,MmMK,SpPMK,ScPMD,SclIDI,PaGPPS,MsLS
EcACAT,ScHMGS,BpHMGR,MmMK,SpPMK,ScPMD,SclIDI,PaGPPS,MsLS
EcACAT,ScHMGS,BpHMGR,MmMK,SpPMK,ScPMD,SclIDI,PaGPPS,MsLS
EcACAT,ScHMGS,BpHMGR,MmMK,SpPMK,ScPMD,SclIDI,PaGPPS,MsLS
EcACAT,ScHMGS,BpHMGR,MmMK,SpPMK,ScPMD,SclIDI,PaGPPS,MsLS
EcACAT,ScHMGS,BpHMGR,MmMK,SpPMK,ScPMD,SclIDI,PaGPPS,MsLS
EcACAT,ScHMGS,BpHMGR,MmMK,SpPMK,ScPMD,SclIDI,PaGPPS,MsLS
EcACAT,ScHMGS,BpHMGR,MmMK,SpPMK,ScPMD,SclIDI,PaGPPS,MsLS
EcACAT,ScHMGS,BpHMGR,MmMK,SpPMK,ScPMD,SclIDI,PaGPPS,MsLS
EcACAT,ScHMGS,BpHMGR,MmMK,SpPMK,ScPMD,SclIDI,PaGPPS,MsLS
EcACAT,ScHMGS,BpHMGR,MmMK,SpPMK,ScPMD,SclIDI,PaGPPS,MsLS
EcACAT,ScHMGS,BpHMGR,MmMK,SpPMK,ScPMD,SclIDI,PaGPPS,MsLS
EcACAT,ScHMGS,BpHMGR,MmMK,SpPMK,ScPMD,SclIDI,PaGPPS,MsLS
EcACAT,ScHMGS,BpHMGR,MmMK,SpPMK,ScPMD,SclIDI,PaGPPS,MsLS
EcACAT,ScHMGS,BpHMGR,MmMK,SpPMK,ScPMD,SclIDI,PaGPPS,MsLS
EcACAT,ScHMGS,BpHMGR,MmMK,SpPMK,ScPMD,SclIDI,PaGPPS,MsLS
EcACAT,ScHMGS,BpHMGR,MmMK,SpPMK,ScPMD,SclIDI,PaGPPS,MsLS
EcACAT,ScHMGS,BpHMGR,SaMK,PzPMK,SaPMD,SclIDI,PgGPPS,MsLS
EcACAT,ScHMGS,BpHMGR,SaMK,PzPMK,SaPMD,SclIDI,PgGPPS,MsLS
EcACAT,ScHMGS,BpHMGR,SaMK,PzPMK,SaPMD,SclIDI,PgGPPS,MsLS
EcACAT,ScHMGS,BpHMGR,SaMK,PzPMK,SaPMD,SclIDI,PgGPPS,MsLS
EcACAT,ScHMGS,BpHMGR,BmMK,EcPMK,SaPMD,SclIDI,PgGPPS,MsLS
EcACAT,ScHMGS,BpHMGR,BmMK,EcPMK,SaPMD,SclIDI,PgGPPS,MsLS
EcACAT,ScHMGS,BpHMGR,BmMK,EcPMK,SaPMD,SclIDI,PgGPPS,MsLS
EcACAT,ScHMGS,BpHMGR,BmMK,EcPMK,SaPMD,SclIDI,PgGPPS,MsLS
EcACAT,ScHMGS,BpHMGR,NmMK,ScPMK,PzPMD,SclIDI,PgGPPS,MsLS
EcACAT,ScHMGS,BpHMGR,NmMK,ScPMK,PzPMD,SclIDI,PgGPPS,MsLS
EcACAT,ScHMGS,BpHMGR,NmMK,ScPMK,PzPMD,SclIDI,PgGPPS,MsLS
EcACAT,ScHMGS,BpHMGR,NmMK,ScPMK,PzPMD,SclIDI,PgGPPS,MsLS
EcACAT,ScHMGS,BpHMGR,NmMK,PzPMK,ZgPMD,SclIDI,PgGPPS,MsLS
EcACAT,ScHMGS,BpHMGR,NmMK,PzPMK,ZgPMD,SclIDI,PgGPPS,MsLS
EcACAT,ScHMGS,BpHMGR,NmMK,PzPMK,ZgPMD,SclIDI,PgGPPS,MsLS
EcACAT,ScHMGS,BpHMGR,NmMK,PzPMK,ZgPMD,SclIDI,PgGPPS,MsLS
EcACAT,ScHMGS,PmHMGR,ScMK,ScPMK,ScPMD,EcIDI,PaGPPS,MsLS
EcACAT,ScHMGS,ScHMGR,ScMK,ScPMK,ScPMD,EcIDI,PaGPPS,MsLS
EcACAT,ScHMGS,SaHMGR,ScMK,ScPMK,ScPMD,EcIDI,PaGPPS,MsLS
EcACAT,ScHMGS,SpHMGR,ScMK,ScPMK,ScPMD,EcIDI,PaGPPS,MsLS
EcACAT,ScHMGS,BpHMGR,ScMK,ScPMK,ScPMD,EcIDI,PaGPPS,MsLS
EcACAT,ScHMGS,DaHMGR,ScMK,ScPMK,ScPMD,EcIDI,PaGPPS,MsLS
EcACAT,ScHMGS,PmHMGR,SaMK,ScPMK,ScPMD,EcIDI,PaGPPS,MsLS
EcACAT,ScHMGS,PmHMGR,SpMK,ScPMK,ScPMD,EcIDI,PaGPPS,MsLS
EcACAT,ScHMGS,PmHMGR,MmMK,ScPMK,ScPMD,EcIDI,PaGPPS,MsLS
EcACAT,ScHMGS,PmHMGR,PzMK,ScPMK,ScPMD,EcIDI,PaGPPS,MsLS
EcACAT,ScHMGS,PmHMGR,HmMK,ScPMK,ScPMD,EcIDI,PaGPPS,MsLS
EcACAT,ScHMGS,PmHMGR,NmMK,ScPMK,ScPMD,EcIDI,PaGPPS,MsLS
EcACAT,ScHMGS,PmHMGR,MxMK,ScPMK,ScPMD,EcIDI,PaGPPS,MsLS
EcACAT,ScHMGS,PmHMGR,BmMK,ScPMK,ScPMD,EcIDI,PaGPPS,MsLS
EcACAT,ScHMGS,PmHMGR,ScMK,SaPMK,ScPMD,EcIDI,PaGPPS,MsLS
EcACAT,ScHMGS,PmHMGR,ScMK,SpPMK,ScPMD,EcIDI,PaGPPS,MsLS
EcACAT,ScHMGS,PmHMGR,ScMK,EfPMK,ScPMD,EcIDI,PaGPPS,MsLS
EcACAT,ScHMGS,PmHMGR,ScMK,PzPMK,ScPMD,EcIDI,PaGPPS,MsLS
EcACAT,ScHMGS,PmHMGR,ScMK,ThPMK,ScPMD,EcIDI,PaGPPS,MsLS
EcACAT,ScHMGS,PmHMGR,ScMK,EcPMK,ScPMD,EcIDI,PaGPPS,MsLS
EcACAT,ScHMGS,PmHMGR,ScMK,ScPMK,SaPMD,EcIDI,PaGPPS,MsLS
EcACAT,ScHMGS,PmHMGR,ScMK,ScPMK,SpPMD,EcIDI,PaGPPS,MsLS
EcACAT,ScHMGS,PmHMGR,ScMK,ScPMK,PkPMD,EcIDI,PaGPPS,MsLS
EcACAT,ScHMGS,PmHMGR,ScMK,ScPMK,PzPMD,EcIDI,PaGPPS,MsLS
EcACAT,ScHMGS,PmHMGR,ScMK,ScPMK,HmPMD,EcIDI,PaGPPS,MsLS
EcACAT,ScHMGS,PmHMGR,ScMK,ScPMK,ZgPMD,EcIDI,PaGPPS,MsLS
EcACAT,ScHMGS,PmHMGR,ScMK,ScPMK,ScPMD,BsIDI,PaGPPS,MsLS
EcACAT,ScHMGS,PmHMGR,ScMK,ScPMK,ScPMD,SceIDI,PaGPPS,MsLS
EcACAT,ScHMGS,PmHMGR,ScMK,ScPMK,ScPMD,SlIDI,PaGPPS,MsLS
EcACAT,ScHMGS,PmHMGR,ScMK,ScPMK,ScPMD,StIDI,PaGPPS,MsLS
EcACAT,ScHMGS,PmHMGR,ScMK,ScPMK,ScPMD,PzIDI,PaGPPS,MsLS
EcACAT,ScHMGS,PmHMGR,ScMK,ScPMK,ScPMD,SaIDI,PaGPPS,MsLS
EcACAT,ScHMGS,PmHMGR,ScMK,ScPMK,ScPMD,SclIDI,PaGPPS,MsLS
EcACAT,ScHMGS,PmHMGR,ScMK,ScPMK,ScPMD,EcIDI,#VALUE!,MsLS
EcACAT,ScHMGS,PmHMGR,ScMK,ScPMK,ScPMD,EcIDI,AgGPPS,MsLS
EcACAT,ScHMGS,PmHMGR,ScMK,ScPMK,ScPMD,EcIDI,StGPPS,MsLS
EcACAT,ScHMGS,PmHMGR,ScMK,ScPMK,ScPMD,EcIDI,PgGPPS,MsLS
EcACAT,ScHMGS,PmHMGR,ScMK,ScPMK,ScPMD,EcIDI,PkGPPS,MsLS
EcACAT,ScHMGS,PmHMGR,ScMK,ScPMK,ScPMD,EcIDI,Sc*GPPS,MsLS
EcACAT,ScHMGS,PmHMGR,ScMK,ScPMK,ScPMD,EcIDI,EcGPPS/FPPS,MsLS
EcACAT,ScHMGS,PmHMGR,ScMK,ScPMK,ScPMD,EcIDI,PaGPPS,MsLS
EcACAT,ScHMGS,PmHMGR,ScMK,ScPMK,ScPMD,EcIDI,PaGPPS,ClLS
EcACAT,ScHMGS,PmHMGR,ScMK,ScPMK,ScPMD,EcIDI,PaGPPS,PfLS
EcACAT,ScHMGS,PmHMGR,ScMK,ScPMK,ScPMD,EcIDI,PaGPPS,StLS
EcACAT,ScHMGS,PmHMGR,ScMK,ScPMK,ScPMD,EcIDI,PaGPPS,PaLS
EcACAT,ScHMGS,BpHMGR,MmMK,SpPMK,ScPMD,SclIDI,PaGPPS,MsLS
EcACAT,ScHMGS,BpHMGR,MmMK,SpPMK,ScPMD,SclIDI,PaGPPS,MsLS
EcACAT,ScHMGS,BpHMGR,MmMK,SpPMK,ScPMD,SclIDI,PaGPPS,MsLS
EcACAT,ScHMGS,BpHMGR,MmMK,SpPMK,ScPMD,SclIDI,PaGPPS,MsLS
EcACAT,ScHMGS,BpHMGR,MmMK,SpPMK,ScPMD,SclIDI,PaGPPS,MsLS
EcACAT,ScHMGS,BpHMGR,MmMK,SpPMK,ScPMD,SclIDI,PaGPPS,MsLS
EcACAT,ScHMGS,BpHMGR,MmMK,SpPMK,ScPMD,SclIDI,PaGPPS,MsLS
EcACAT,ScHMGS,BpHMGR,MmMK,SpPMK,ScPMD,SclIDI,PaGPPS,MsLS
EcACAT,ScHMGS,BpHMGR,MmMK,SpPMK,ScPMD,SclIDI,PaGPPS,MsLS
EcACAT,ScHMGS,BpHMGR,MmMK,SpPMK,ScPMD,SclIDI,PaGPPS,MsLS
EcACAT,ScHMGS,BpHMGR,MmMK,SpPMK,ScPMD,SclIDI,PaGPPS,MsLS
EcACAT,ScHMGS,BpHMGR,MmMK,SpPMK,ScPMD,SclIDI,PaGPPS,MsLS
EcACAT,ScHMGS,BpHMGR,MmMK,SpPMK,ScPMD,SclIDI,PaGPPS,MsLS
EcACAT,ScHMGS,BpHMGR,MmMK,SpPMK,ScPMD,SclIDI,PaGPPS,MsLS
EcACAT,ScHMGS,BpHMGR,MmMK,SpPMK,ScPMD,SclIDI,PaGPPS,MsLS
EcACAT,ScHMGS,BpHMGR,MmMK,SpPMK,ScPMD,SclIDI,PaGPPS,MsLS
EcACAT,ScHMGS,BpHMGR,MmMK,SpPMK,ScPMD,SclIDI,PaGPPS,MsLS
EcACAT,ScHMGS,BpHMGR,MmMK,SpPMK,ScPMD,SclIDI,PaGPPS,MsLS
EcACAT,ScHMGS,BpHMGR,MmMK,SpPMK,ScPMD,SclIDI,PaGPPS,MsLS
EcACAT,ScHMGS,BpHMGR,MmMK,SpPMK,ScPMD,SclIDI,PaGPPS,MsLS
EcACAT,ScHMGS,BpHMGR,MmMK,SpPMK,ScPMD,SclIDI,PaGPPS,MsLS
EcACAT,ScHMGS,BpHMGR,MmMK,SpPMK,ScPMD,SclIDI,PaGPPS,MsLS
EcACAT,ScHMGS,BpHMGR,MmMK,SpPMK,ScPMD,SclIDI,PaGPPS,MsLS
EcACAT,ScHMGS,BpHMGR,MmMK,SpPMK,ScPMD,SclIDI,PaGPPS,MsLS
EcACAT,ScHMGS,BpHMGR,MmMK,SpPMK,ScPMD,SclIDI,PaGPPS,MsLS
EcACAT,ScHMGS,BpHMGR,MmMK,SpPMK,ScPMD,SclIDI,PaGPPS,MsLS
EcACAT,ScHMGS,BpHMGR,MmMK,SpPMK,ScPMD,SclIDI,PaGPPS,MsLS
EcACAT,ScHMGS,BpHMGR,MmMK,SpPMK,ScPMD,SclIDI,PaGPPS,MsLS
EcACAT,ScHMGS,BpHMGR,MmMK,SpPMK,ScPMD,SclIDI,PaGPPS,MsLS
EcACAT,ScHMGS,BpHMGR,MmMK,SpPMK,ScPMD,SclIDI,PaGPPS,MsLS
EcACAT,ScHMGS,BpHMGR,MmMK,SpPMK,ScPMD,SclIDI,PaGPPS,MsLS
EcACAT,ScHMGS,BpHMGR,MmMK,SpPMK,ScPMD,SclIDI,PaGPPS,MsLS
EcACAT,ScHMGS,BpHMGR,MmMK,SpPMK,ScPMD,SclIDI,PaGPPS,MsLS
EcACAT,ScHMGS,BpHMGR,MmMK,SpPMK,ScPMD,SclIDI,PgGPPS,MsLS
EcACAT,ScHMGS,BpHMGR,MmMK,SpPMK,ScPMD,SclIDI,PgGPPS,MsLS
EcACAT,ScHMGS,BpHMGR,MmMK,SpPMK,ScPMD,SclIDI,PgGPPS,MsLS
EcACAT,ScHMGS,BpHMGR,MmMK,SpPMK,ScPMD,SclIDI,PgGPPS,MsLS
EcACAT,ScHMGS,BpHMGR,MmMK,SpPMK,ScPMD,SclIDI,PgGPPS,MsLS
EcACAT,ScHMGS,BpHMGR,MmMK,SpPMK,ScPMD,SclIDI,PgGPPS,MsLS
EcACAT,ScHMGS,BpHMGR,MmMK,SpPMK,ScPMD,SclIDI,PgGPPS,MsLS
EcACAT,ScHMGS,BpHMGR,MmMK,SpPMK,ScPMD,SclIDI,PgGPPS,MsLS
EcACAT,ScHMGS,BpHMGR,MmMK,SpPMK,ScPMD,SclIDI,PgGPPS,MsLS
EcACAT,ScHMGS,BpHMGR,MmMK,SpPMK,ScPMD,SclIDI,PaGPPS,MsLS
EcACAT,ScHMGS,BpHMGR,MmMK,SpPMK,ScPMD,SclIDI,PaGPPS,MsLS
EcACAT,ScHMGS,BpHMGR,MmMK,SpPMK,ScPMD,SclIDI,PaGPPS,MsLS
EcACAT,ScHMGS,BpHMGR,MmMK,SpPMK,ScPMD,SclIDI,PaGPPS,MsLS
EcACAT,ScHMGS,BpHMGR,MmMK,SpPMK,ScPMD,SclIDI,AgGPPS,MsLS
EcACAT,ScHMGS,BpHMGR,MmMK,SpPMK,ScPMD,SclIDI,AgGPPS,MsLS
EcACAT,ScHMGS,BpHMGR,MmMK,SpPMK,ScPMD,SclIDI,AgGPPS,MsLS
EcACAT,ScHMGS,BpHMGR,MmMK,SpPMK,ScPMD,SclIDI,AgGPPS,MsLS
EcACAT,ScHMGS,BpHMGR,MmMK,SpPMK,ScPMD,SclIDI,StGPPS,MsLS
EcACAT,ScHMGS,BpHMGR,MmMK,SpPMK,ScPMD,SclIDI,StGPPS,MsLS
EcACAT,ScHMGS,BpHMGR,MmMK,SpPMK,ScPMD,SclIDI,StGPPS,MsLS
EcACAT,ScHMGS,BpHMGR,MmMK,SpPMK,ScPMD,SclIDI,StGPPS,MsLS
EcACAT,ScHMGS,BpHMGR,MmMK,SpPMK,ScPMD,SclIDI,PgGPPS,MsLS
EcACAT,ScHMGS,BpHMGR,MmMK,SpPMK,ScPMD,SclIDI,PgGPPS,MsLS
EcACAT,ScHMGS,BpHMGR,MmMK,SpPMK,ScPMD,SclIDI,PgGPPS,MsLS
EcACAT,ScHMGS,BpHMGR,MmMK,SpPMK,ScPMD,SclIDI,PgGPPS,MsLS
EcACAT,ScHMGS,BpHMGR,MmMK,SpPMK,ScPMD,SclIDI,PkGPPS,MsLS
EcACAT,ScHMGS,BpHMGR,MmMK,SpPMK,ScPMD,SclIDI,PkGPPS,MsLS
EcACAT,ScHMGS,BpHMGR,MmMK,SpPMK,ScPMD,SclIDI,PkGPPS,MsLS
EcACAT,ScHMGS,BpHMGR,MmMK,SpPMK,ScPMD,SclIDI,PkGPPS,MsLS
EcACAT,ScHMGS,BpHMGR,MmMK,SpPMK,ScPMD,SclIDI,Sc*GPPS,MsLS
EcACAT,ScHMGS,BpHMGR,MmMK,SpPMK,ScPMD,SclIDI,Sc*GPPS,MsLS
EcACAT,ScHMGS,BpHMGR,MmMK,SpPMK,ScPMD,SclIDI,Sc*GPPS,MsLS
EcACAT,ScHMGS,BpHMGR,MmMK,SpPMK,ScPMD,SclIDI,Sc*GPPS,MsLS
EcACAT,ScHMGS,BpHMGR,MmMK,SpPMK,ScPMD,SclIDI,PaGPPS,MsLS
EcACAT,ScHMGS,BpHMGR,MmMK,SpPMK,ScPMD,SclIDI,PaGPPS,MsLS
EcACAT,ScHMGS,BpHMGR,MmMK,SpPMK,ScPMD,SclIDI,PaGPPS,MsLS
EcACAT,ScHMGS,BpHMGR,MmMK,SpPMK,ScPMD,SclIDI,PaGPPS,MsLS
EcACAT,ScHMGS,BpHMGR,MmMK,SpPMK,ScPMD,SclIDI,AgGPPS,MsLS
EcACAT,ScHMGS,BpHMGR,MmMK,SpPMK,ScPMD,SclIDI,AgGPPS,MsLS
EcACAT,ScHMGS,BpHMGR,MmMK,SpPMK,ScPMD,SclIDI,AgGPPS,MsLS
EcACAT,ScHMGS,BpHMGR,MmMK,SpPMK,ScPMD,SclIDI,AgGPPS,MsLS
EcACAT,ScHMGS,BpHMGR,MmMK,SpPMK,ScPMD,SclIDI,StGPPS,MsLS
EcACAT,ScHMGS,BpHMGR,MmMK,SpPMK,ScPMD,SclIDI,StGPPS,MsLS
EcACAT,ScHMGS,BpHMGR,MmMK,SpPMK,ScPMD,SclIDI,StGPPS,MsLS
EcACAT,ScHMGS,BpHMGR,MmMK,SpPMK,ScPMD,SclIDI,StGPPS,MsLS
EcACAT,ScHMGS,BpHMGR,MmMK,SpPMK,ScPMD,SclIDI,PgGPPS,MsLS
EcACAT,ScHMGS,BpHMGR,MmMK,SpPMK,ScPMD,SclIDI,PgGPPS,MsLS
EcACAT,ScHMGS,BpHMGR,MmMK,SpPMK,ScPMD,SclIDI,PgGPPS,MsLS
EcACAT,ScHMGS,BpHMGR,MmMK,SpPMK,ScPMD,SclIDI,PgGPPS,MsLS
EcACAT,ScHMGS,BpHMGR,MmMK,SpPMK,ScPMD,SclIDI,PgGPPS,MsLS
EcACAT,ScHMGS,BpHMGR,MmMK,SpPMK,ScPMD,SclIDI,PgGPPS,MsLS
EcACAT,ScHMGS,BpHMGR,MmMK,SpPMK,ScPMD,SclIDI,PgGPPS,MsLS
EcACAT,ScHMGS,BpHMGR,MmMK,SpPMK,ScPMD,SclIDI,PgGPPS,MsLS
EcACAT,ScHMGS,BpHMGR,MmMK,SpPMK,ScPMD,SclIDI,Sc*GPPS,MsLS
EcACAT,ScHMGS,BpHMGR,MmMK,SpPMK,ScPMD,SclIDI,Sc*GPPS,MsLS
EcACAT,ScHMGS,BpHMGR,MmMK,SpPMK,ScPMD,SclIDI,Sc*GPPS,MsLS
EcACAT,ScHMGS,BpHMGR,MmMK,SpPMK,ScPMD,SclIDI,Sc*GPPS,MsLS
EcACAT,ScHMGS,BpHMGR,MmMK,SpPMK,ScPMD,EcIDI,PgGPPS,MsLS
EcACAT,ScHMGS,BpHMGR,MmMK,SpPMK,ScPMD,EcIDI,PgGPPS,MsLS
EcACAT,ScHMGS,BpHMGR,MmMK,SpPMK,ScPMD,EcIDI,PgGPPS,MsLS
EcACAT,ScHMGS,BpHMGR,MmMK,SpPMK,ScPMD,EcIDI,PgGPPS,MsLS
EcACAT,ScHMGS,BpHMGR,MmMK,SpPMK,ScPMD,BsIDI,PgGPPS,MsLS
EcACAT,ScHMGS,BpHMGR,MmMK,SpPMK,ScPMD,BsIDI,PgGPPS,MsLS
EcACAT,ScHMGS,BpHMGR,MmMK,SpPMK,ScPMD,BsIDI,PgGPPS,MsLS
EcACAT,ScHMGS,BpHMGR,MmMK,SpPMK,ScPMD,BsIDI,PgGPPS,MsLS
EcACAT,ScHMGS,BpHMGR,MmMK,SpPMK,ScPMD,SceIDI,PgGPPS,MsLS
EcACAT,ScHMGS,BpHMGR,MmMK,SpPMK,ScPMD,SceIDI,PgGPPS,MsLS
EcACAT,ScHMGS,BpHMGR,MmMK,SpPMK,ScPMD,SceIDI,PgGPPS,MsLS
EcACAT,ScHMGS,BpHMGR,MmMK,SpPMK,ScPMD,SceIDI,PgGPPS,MsLS
EcACAT,ScHMGS,BpHMGR,MmMK,SpPMK,ScPMD,SlIDI,PgGPPS,MsLS
EcACAT,ScHMGS,BpHMGR,MmMK,SpPMK,ScPMD,SlIDI,PgGPPS,MsLS
EcACAT,ScHMGS,BpHMGR,MmMK,SpPMK,ScPMD,SlIDI,PgGPPS,MsLS
EcACAT,ScHMGS,BpHMGR,MmMK,SpPMK,ScPMD,SlIDI,PgGPPS,MsLS
EcACAT,ScHMGS,BpHMGR,MmMK,SpPMK,ScPMD,StIDI,PgGPPS,MsLS
EcACAT,ScHMGS,BpHMGR,MmMK,SpPMK,ScPMD,StIDI,PgGPPS,MsLS
EcACAT,ScHMGS,BpHMGR,MmMK,SpPMK,ScPMD,StIDI,PgGPPS,MsLS
EcACAT,ScHMGS,BpHMGR,MmMK,SpPMK,ScPMD,StIDI,PgGPPS,MsLS
EcACAT,ScHMGS,BpHMGR,MmMK,SpPMK,ScPMD,PzIDI,PgGPPS,MsLS
EcACAT,ScHMGS,BpHMGR,MmMK,SpPMK,ScPMD,PzIDI,PgGPPS,MsLS
EcACAT,ScHMGS,BpHMGR,MmMK,SpPMK,ScPMD,PzIDI,PgGPPS,MsLS
EcACAT,ScHMGS,BpHMGR,MmMK,SpPMK,ScPMD,PzIDI,PgGPPS,MsLS
EcACAT,ScHMGS,BpHMGR,MmMK,SpPMK,ScPMD,SaIDI,PgGPPS,MsLS
EcACAT,ScHMGS,BpHMGR,MmMK,SpPMK,ScPMD,SaIDI,PgGPPS,MsLS
EcACAT,ScHMGS,BpHMGR,MmMK,SpPMK,ScPMD,SaIDI,PgGPPS,MsLS
EcACAT,ScHMGS,BpHMGR,MmMK,SpPMK,ScPMD,SaIDI,PgGPPS,MsLS
EcACAT,ScHMGS,BpHMGR,MmMK,SpPMK,ScPMD,EcIDI,StGPPS,MsLS
EcACAT,ScHMGS,BpHMGR,MmMK,SpPMK,ScPMD,EcIDI,StGPPS,MsLS
EcACAT,ScHMGS,BpHMGR,MmMK,SpPMK,ScPMD,EcIDI,StGPPS,MsLS
EcACAT,ScHMGS,BpHMGR,MmMK,SpPMK,ScPMD,EcIDI,StGPPS,MsLS
EcACAT,ScHMGS,BpHMGR,MmMK,SpPMK,ScPMD,BsIDI,StGPPS,MsLS
EcACAT,ScHMGS,BpHMGR,MmMK,SpPMK,ScPMD,BsIDI,StGPPS,MsLS
EcACAT,ScHMGS,BpHMGR,MmMK,SpPMK,ScPMD,BsIDI,StGPPS,MsLS
EcACAT,ScHMGS,BpHMGR,MmMK,SpPMK,ScPMD,BsIDI,StGPPS,MsLS
EcACAT,ScHMGS,BpHMGR,MmMK,SpPMK,ScPMD,SceIDI,StGPPS,MsLS
EcACAT,ScHMGS,BpHMGR,MmMK,SpPMK,ScPMD,SceIDI,StGPPS,MsLS
EcACAT,ScHMGS,BpHMGR,MmMK,SpPMK,ScPMD,SceIDI,StGPPS,MsLS
EcACAT,ScHMGS,BpHMGR,MmMK,SpPMK,ScPMD,SceIDI,StGPPS,MsLS
EcACAT,ScHMGS,BpHMGR,MmMK,SpPMK,ScPMD,SlIDI,StGPPS,MsLS
EcACAT,ScHMGS,BpHMGR,MmMK,SpPMK,ScPMD,SlIDI,StGPPS,MsLS
EcACAT,ScHMGS,BpHMGR,MmMK,SpPMK,ScPMD,SlIDI,StGPPS,MsLS
EcACAT,ScHMGS,BpHMGR,MmMK,SpPMK,ScPMD,SlIDI,StGPPS,MsLS
EcACAT,ScHMGS,BpHMGR,MmMK,SpPMK,ScPMD,StIDI,StGPPS,MsLS
EcACAT,ScHMGS,BpHMGR,MmMK,SpPMK,ScPMD,StIDI,StGPPS,MsLS
EcACAT,ScHMGS,BpHMGR,MmMK,SpPMK,ScPMD,StIDI,StGPPS,MsLS
EcACAT,ScHMGS,BpHMGR,MmMK,SpPMK,ScPMD,StIDI,StGPPS,MsLS
EcACAT,ScHMGS,BpHMGR,MmMK,SpPMK,ScPMD,PzIDI,StGPPS,MsLS
EcACAT,ScHMGS,BpHMGR,MmMK,SpPMK,ScPMD,PzIDI,StGPPS,MsLS
EcACAT,ScHMGS,BpHMGR,MmMK,SpPMK,ScPMD,PzIDI,StGPPS,MsLS
EcACAT,ScHMGS,BpHMGR,MmMK,SpPMK,ScPMD,PzIDI,StGPPS,MsLS
EcACAT,ScHMGS,BpHMGR,MmMK,SpPMK,ScPMD,SaIDI,StGPPS,MsLS
EcACAT,ScHMGS,BpHMGR,MmMK,SpPMK,ScPMD,SaIDI,StGPPS,MsLS
EcACAT,ScHMGS,BpHMGR,MmMK,SpPMK,ScPMD,SaIDI,StGPPS,MsLS
EcACAT,ScHMGS,BpHMGR,MmMK,SpPMK,ScPMD,SaIDI,StGPPS,MsLS
EcACAT,ScHMGS,BpHMGR,MmMK,SpPMK,SaPMD,SaIDI,PgGPPS,MsLS
EcACAT,ScHMGS,BpHMGR,MmMK,SpPMK,SaPMD,SaIDI,PgGPPS,MsLS
EcACAT,ScHMGS,BpHMGR,MmMK,SpPMK,SaPMD,SaIDI,PgGPPS,MsLS
EcACAT,ScHMGS,BpHMGR,MmMK,SpPMK,SaPMD,SaIDI,PgGPPS,MsLS
EcACAT,ScHMGS,BpHMGR,MmMK,SpPMK,SpPMD,SaIDI,PgGPPS,MsLS
EcACAT,ScHMGS,BpHMGR,MmMK,SpPMK,SpPMD,SaIDI,PgGPPS,MsLS
EcACAT,ScHMGS,BpHMGR,MmMK,SpPMK,SpPMD,SaIDI,PgGPPS,MsLS
EcACAT,ScHMGS,BpHMGR,MmMK,SpPMK,SpPMD,SaIDI,PgGPPS,MsLS
EcACAT,ScHMGS,BpHMGR,MmMK,SpPMK,PzPMD,SaIDI,PgGPPS,MsLS
EcACAT,ScHMGS,BpHMGR,MmMK,SpPMK,PzPMD,SaIDI,PgGPPS,MsLS
EcACAT,ScHMGS,BpHMGR,MmMK,SpPMK,PzPMD,SaIDI,PgGPPS,MsLS
EcACAT,ScHMGS,BpHMGR,MmMK,SpPMK,PzPMD,SaIDI,PgGPPS,MsLS
EcACAT,ScHMGS,BpHMGR,MmMK,SpPMK,ZgPMD,SaIDI,PgGPPS,MsLS
EcACAT,ScHMGS,BpHMGR,MmMK,SpPMK,ZgPMD,SaIDI,PgGPPS,MsLS
EcACAT,ScHMGS,BpHMGR,MmMK,SpPMK,ZgPMD,SaIDI,PgGPPS,MsLS
EcACAT,ScHMGS,BpHMGR,MmMK,SpPMK,ZgPMD,SaIDI,PgGPPS,MsLS
EcACAT,ScHMGS,BpHMGR,MmMK,SpPMK,SaPMD,SlIDI,PgGPPS,MsLS
EcACAT,ScHMGS,BpHMGR,MmMK,SpPMK,SaPMD,SlIDI,PgGPPS,MsLS
EcACAT,ScHMGS,BpHMGR,MmMK,SpPMK,SaPMD,SlIDI,PgGPPS,MsLS
EcACAT,ScHMGS,BpHMGR,MmMK,SpPMK,SaPMD,SlIDI,PgGPPS,MsLS
EcACAT,ScHMGS,BpHMGR,MmMK,SpPMK,SpPMD,SlIDI,PgGPPS,MsLS
EcACAT,ScHMGS,BpHMGR,MmMK,SpPMK,SpPMD,SlIDI,PgGPPS,MsLS
EcACAT,ScHMGS,BpHMGR,MmMK,SpPMK,SpPMD,SlIDI,PgGPPS,MsLS
EcACAT,ScHMGS,BpHMGR,MmMK,SpPMK,SpPMD,SlIDI,PgGPPS,MsLS
EcACAT,ScHMGS,BpHMGR,MmMK,SpPMK,PzPMD,SlIDI,PgGPPS,MsLS
EcACAT,ScHMGS,BpHMGR,MmMK,SpPMK,PzPMD,SlIDI,PgGPPS,MsLS
EcACAT,ScHMGS,BpHMGR,MmMK,SpPMK,PzPMD,SlIDI,PgGPPS,MsLS
EcACAT,ScHMGS,BpHMGR,MmMK,SpPMK,PzPMD,SlIDI,PgGPPS,MsLS
EcACAT,ScHMGS,BpHMGR,MmMK,SpPMK,ZgPMD,SlIDI,PgGPPS,MsLS
EcACAT,ScHMGS,BpHMGR,MmMK,SpPMK,ZgPMD,SlIDI,PgGPPS,MsLS
EcACAT,ScHMGS,BpHMGR,MmMK,SpPMK,ZgPMD,SlIDI,PgGPPS,MsLS
EcACAT,ScHMGS,BpHMGR,MmMK,SpPMK,ZgPMD,SlIDI,PgGPPS,MsLS
EcACAT,ScHMGS,BpHMGR,MmMK,SpPMK,ScPMD,SceIDI,StGPPS,MsLS
EcACAT,ScHMGS,BpHMGR,MmMK,SpPMK,ScPMD,SceIDI,StGPPS,MsLS
EcACAT,ScHMGS,BpHMGR,MmMK,SpPMK,ScPMD,SceIDI,StGPPS,MsLS
EcACAT,ScHMGS,BpHMGR,MmMK,SpPMK,ScPMD,SceIDI,StGPPS,MsLS
EcACAT,ScHMGS,BpHMGR,MmMK,SpPMK,SaPMD,SceIDI,StGPPS,MsLS
EcACAT,ScHMGS,BpHMGR,MmMK,SpPMK,SaPMD,SceIDI,StGPPS,MsLS
EcACAT,ScHMGS,BpHMGR,MmMK,SpPMK,SaPMD,SceIDI,StGPPS,MsLS
EcACAT,ScHMGS,BpHMGR,MmMK,SpPMK,SaPMD,SceIDI,StGPPS,MsLS
EcACAT,ScHMGS,BpHMGR,MmMK,SpPMK,SpPMD,SceIDI,StGPPS,MsLS
EcACAT,ScHMGS,BpHMGR,MmMK,SpPMK,SpPMD,SceIDI,StGPPS,MsLS
EcACAT,ScHMGS,BpHMGR,MmMK,SpPMK,SpPMD,SceIDI,StGPPS,MsLS
EcACAT,ScHMGS,BpHMGR,MmMK,SpPMK,SpPMD,SceIDI,StGPPS,MsLS
EcACAT,ScHMGS,BpHMGR,MmMK,SpPMK,PzPMD,SceIDI,StGPPS,MsLS
EcACAT,ScHMGS,BpHMGR,MmMK,SpPMK,PzPMD,SceIDI,StGPPS,MsLS
EcACAT,ScHMGS,BpHMGR,MmMK,SpPMK,PzPMD,SceIDI,StGPPS,MsLS
EcACAT,ScHMGS,BpHMGR,MmMK,SpPMK,PzPMD,SceIDI,StGPPS,MsLS
EcACAT,ScHMGS,BpHMGR,MmMK,SpPMK,ZgPMD,SceIDI,StGPPS,MsLS
EcACAT,ScHMGS,BpHMGR,MmMK,SpPMK,ZgPMD,SceIDI,StGPPS,MsLS
EcACAT,ScHMGS,BpHMGR,MmMK,SpPMK,ZgPMD,SceIDI,StGPPS,MsLS
EcACAT,ScHMGS,BpHMGR,MmMK,SpPMK,ZgPMD,SceIDI,StGPPS,MsLS
EcACAT,ScHMGS,BpHMGR,MmMK,SpPMK,ScPMD,BsIDI,StGPPS,MsLS
EcACAT,ScHMGS,BpHMGR,MmMK,SpPMK,ScPMD,BsIDI,StGPPS,MsLS
EcACAT,ScHMGS,BpHMGR,MmMK,SpPMK,ScPMD,BsIDI,StGPPS,MsLS
EcACAT,ScHMGS,BpHMGR,MmMK,SpPMK,ScPMD,BsIDI,StGPPS,MsLS
EcACAT,ScHMGS,BpHMGR,MmMK,SpPMK,SaPMD,BsIDI,StGPPS,MsLS
EcACAT,ScHMGS,BpHMGR,MmMK,SpPMK,SaPMD,BsIDI,StGPPS,MsLS
EcACAT,ScHMGS,BpHMGR,MmMK,SpPMK,SaPMD,BsIDI,StGPPS,MsLS
EcACAT,ScHMGS,BpHMGR,MmMK,SpPMK,SaPMD,BsIDI,StGPPS,MsLS
EcACAT,ScHMGS,BpHMGR,MmMK,SpPMK,SpPMD,BsIDI,StGPPS,MsLS
EcACAT,ScHMGS,BpHMGR,MmMK,SpPMK,SpPMD,BsIDI,StGPPS,MsLS
EcACAT,ScHMGS,BpHMGR,MmMK,SpPMK,SpPMD,BsIDI,StGPPS,MsLS
EcACAT,ScHMGS,BpHMGR,MmMK,SpPMK,SpPMD,BsIDI,StGPPS,MsLS
EcACAT,ScHMGS,BpHMGR,MmMK,SpPMK,PzPMD,BsIDI,StGPPS,MsLS
EcACAT,ScHMGS,BpHMGR,MmMK,SpPMK,PzPMD,BsIDI,StGPPS,MsLS
EcACAT,ScHMGS,BpHMGR,MmMK,SpPMK,PzPMD,BsIDI,StGPPS,MsLS
EcACAT,ScHMGS,BpHMGR,MmMK,SpPMK,PzPMD,BsIDI,StGPPS,MsLS
EcACAT,ScHMGS,BpHMGR,MmMK,SpPMK,ZgPMD,BsIDI,StGPPS,MsLS
EcACAT,ScHMGS,BpHMGR,MmMK,SpPMK,ZgPMD,BsIDI,StGPPS,MsLS
EcACAT,ScHMGS,BpHMGR,MmMK,SpPMK,ZgPMD,BsIDI,StGPPS,MsLS
EcACAT,ScHMGS,BpHMGR,MmMK,SpPMK,ZgPMD,BsIDI,StGPPS,MsLS
EcACAT,ScHMGS,BpHMGR,MmMK,ScPMK,ScPMD,SaIDI,PgGPPS,MsLS
EcACAT,ScHMGS,BpHMGR,MmMK,ScPMK,ScPMD,SaIDI,PgGPPS,MsLS
EcACAT,ScHMGS,BpHMGR,MmMK,ScPMK,ScPMD,SaIDI,PgGPPS,MsLS
EcACAT,ScHMGS,BpHMGR,MmMK,ScPMK,ScPMD,SaIDI,PgGPPS,MsLS
EcACAT,ScHMGS,BpHMGR,MmMK,SaPMK,ScPMD,SaIDI,PgGPPS,MsLS
EcACAT,ScHMGS,BpHMGR,MmMK,SaPMK,ScPMD,SaIDI,PgGPPS,MsLS
EcACAT,ScHMGS,BpHMGR,MmMK,SaPMK,ScPMD,SaIDI,PgGPPS,MsLS
EcACAT,ScHMGS,BpHMGR,MmMK,SaPMK,ScPMD,SaIDI,PgGPPS,MsLS
EcACAT,ScHMGS,BpHMGR,MmMK,PzPMK,ScPMD,SaIDI,PgGPPS,MsLS
EcACAT,ScHMGS,BpHMGR,MmMK,PzPMK,ScPMD,SaIDI,PgGPPS,MsLS
EcACAT,ScHMGS,BpHMGR,MmMK,PzPMK,ScPMD,SaIDI,PgGPPS,MsLS
EcACAT,ScHMGS,BpHMGR,MmMK,PzPMK,ScPMD,SaIDI,PgGPPS,MsLS
EcACAT,ScHMGS,BpHMGR,MmMK,EcPMK,ScPMD,SaIDI,PgGPPS,MsLS
EcACAT,ScHMGS,BpHMGR,MmMK,EcPMK,ScPMD,SaIDI,PgGPPS,MsLS
EcACAT,ScHMGS,BpHMGR,MmMK,EcPMK,ScPMD,SaIDI,PgGPPS,MsLS
EcACAT,ScHMGS,BpHMGR,MmMK,EcPMK,ScPMD,SaIDI,PgGPPS,MsLS
EcACAT,ScHMGS,BpHMGR,MmMK,ScPMK,ScPMD,SlIDI,PgGPPS,MsLS
EcACAT,ScHMGS,BpHMGR,MmMK,ScPMK,ScPMD,SlIDI,PgGPPS,MsLS
EcACAT,ScHMGS,BpHMGR,MmMK,ScPMK,ScPMD,SlIDI,PgGPPS,MsLS
EcACAT,ScHMGS,BpHMGR,MmMK,ScPMK,ScPMD,SlIDI,PgGPPS,MsLS
EcACAT,ScHMGS,BpHMGR,MmMK,SaPMK,ScPMD,SlIDI,PgGPPS,MsLS
EcACAT,ScHMGS,BpHMGR,MmMK,SaPMK,ScPMD,SlIDI,PgGPPS,MsLS
EcACAT,ScHMGS,BpHMGR,MmMK,SaPMK,ScPMD,SlIDI,PgGPPS,MsLS
EcACAT,ScHMGS,BpHMGR,MmMK,SaPMK,ScPMD,SlIDI,PgGPPS,MsLS
EcACAT,ScHMGS,BpHMGR,MmMK,PzPMK,ScPMD,SlIDI,PgGPPS,MsLS
EcACAT,ScHMGS,BpHMGR,MmMK,PzPMK,ScPMD,SlIDI,PgGPPS,MsLS
EcACAT,ScHMGS,BpHMGR,MmMK,PzPMK,ScPMD,SlIDI,PgGPPS,MsLS
EcACAT,ScHMGS,BpHMGR,MmMK,PzPMK,ScPMD,SlIDI,PgGPPS,MsLS
EcACAT,ScHMGS,BpHMGR,MmMK,EcPMK,ScPMD,SlIDI,PgGPPS,MsLS
EcACAT,ScHMGS,BpHMGR,MmMK,EcPMK,ScPMD,SlIDI,PgGPPS,MsLS
EcACAT,ScHMGS,BpHMGR,MmMK,EcPMK,ScPMD,SlIDI,PgGPPS,MsLS
EcACAT,ScHMGS,BpHMGR,MmMK,EcPMK,ScPMD,SlIDI,PgGPPS,MsLS
EcACAT,ScHMGS,BpHMGR,MmMK,ScPMK,ScPMD,SceIDI,StGPPS,MsLS
EcACAT,ScHMGS,BpHMGR,MmMK,ScPMK,ScPMD,SceIDI,StGPPS,MsLS
EcACAT,ScHMGS,BpHMGR,MmMK,ScPMK,ScPMD,SceIDI,StGPPS,MsLS
EcACAT,ScHMGS,BpHMGR,MmMK,ScPMK,ScPMD,SceIDI,StGPPS,MsLS
EcACAT,ScHMGS,BpHMGR,MmMK,SaPMK,ScPMD,SceIDI,StGPPS,MsLS
EcACAT,ScHMGS,BpHMGR,MmMK,SaPMK,ScPMD,SceIDI,StGPPS,MsLS
EcACAT,ScHMGS,BpHMGR,MmMK,SaPMK,ScPMD,SceIDI,StGPPS,MsLS
EcACAT,ScHMGS,BpHMGR,MmMK,SaPMK,ScPMD,SceIDI,StGPPS,MsLS
EcACAT,ScHMGS,BpHMGR,MmMK,PzPMK,ScPMD,SceIDI,StGPPS,MsLS
EcACAT,ScHMGS,BpHMGR,MmMK,PzPMK,ScPMD,SceIDI,StGPPS,MsLS
EcACAT,ScHMGS,BpHMGR,MmMK,PzPMK,ScPMD,SceIDI,StGPPS,MsLS
EcACAT,ScHMGS,BpHMGR,MmMK,PzPMK,ScPMD,SceIDI,StGPPS,MsLS
EcACAT,ScHMGS,BpHMGR,MmMK,EcPMK,ScPMD,SceIDI,StGPPS,MsLS
EcACAT,ScHMGS,BpHMGR,MmMK,EcPMK,ScPMD,SceIDI,StGPPS,MsLS
EcACAT,ScHMGS,BpHMGR,MmMK,EcPMK,ScPMD,SceIDI,StGPPS,MsLS
EcACAT,ScHMGS,BpHMGR,MmMK,EcPMK,ScPMD,SceIDI,StGPPS,MsLS
EcACAT,ScHMGS,BpHMGR,MmMK,ScPMK,SaPMD,BsIDI,PgGPPS,MsLS
EcACAT,ScHMGS,BpHMGR,MmMK,ScPMK,SaPMD,BsIDI,PgGPPS,MsLS
EcACAT,ScHMGS,BpHMGR,MmMK,ScPMK,SaPMD,BsIDI,PgGPPS,MsLS
EcACAT,ScHMGS,BpHMGR,MmMK,ScPMK,SaPMD,BsIDI,PgGPPS,MsLS
EcACAT,ScHMGS,BpHMGR,MmMK,SaPMK,SaPMD,BsIDI,PgGPPS,MsLS
EcACAT,ScHMGS,BpHMGR,MmMK,SaPMK,SaPMD,BsIDI,PgGPPS,MsLS
EcACAT,ScHMGS,BpHMGR,MmMK,SaPMK,SaPMD,BsIDI,PgGPPS,MsLS
EcACAT,ScHMGS,BpHMGR,MmMK,SaPMK,SaPMD,BsIDI,PgGPPS,MsLS
EcACAT,ScHMGS,BpHMGR,MmMK,PzPMK,SaPMD,BsIDI,PgGPPS,MsLS
EcACAT,ScHMGS,BpHMGR,MmMK,PzPMK,SaPMD,BsIDI,PgGPPS,MsLS
EcACAT,ScHMGS,BpHMGR,MmMK,PzPMK,SaPMD,BsIDI,PgGPPS,MsLS
EcACAT,ScHMGS,BpHMGR,MmMK,PzPMK,SaPMD,BsIDI,PgGPPS,MsLS
EcACAT,ScHMGS,BpHMGR,MmMK,EcPMK,SaPMD,BsIDI,PgGPPS,MsLS
EcACAT,ScHMGS,BpHMGR,MmMK,EcPMK,SaPMD,BsIDI,PgGPPS,MsLS
EcACAT,ScHMGS,BpHMGR,MmMK,EcPMK,SaPMD,BsIDI,PgGPPS,MsLS
EcACAT,ScHMGS,BpHMGR,MmMK,EcPMK,SaPMD,BsIDI,PgGPPS,MsLS
EcACAT,ScHMGS,BpHMGR,MmMK,PzPMK,ZgPMD,BsIDI,PgGPPS,MsLS
EcACAT,ScHMGS,BpHMGR,MmMK,PzPMK,ZgPMD,BsIDI,PgGPPS,MsLS
EcACAT,ScHMGS,BpHMGR,MmMK,PzPMK,ZgPMD,BsIDI,PgGPPS,MsLS
EcACAT,ScHMGS,BpHMGR,MmMK,PzPMK,ZgPMD,BsIDI,PgGPPS,MsLS
EcACAT,ScHMGS,BpHMGR,MmMK,ScPMK,SaPMD,SlIDI,PgGPPS,MsLS
EcACAT,ScHMGS,BpHMGR,MmMK,ScPMK,SaPMD,SlIDI,PgGPPS,MsLS
EcACAT,ScHMGS,BpHMGR,MmMK,ScPMK,SaPMD,SlIDI,PgGPPS,MsLS
EcACAT,ScHMGS,BpHMGR,MmMK,ScPMK,SaPMD,SlIDI,PgGPPS,MsLS
EcACAT,ScHMGS,BpHMGR,MmMK,SaPMK,SaPMD,SlIDI,PgGPPS,MsLS
EcACAT,ScHMGS,BpHMGR,MmMK,SaPMK,SaPMD,SlIDI,PgGPPS,MsLS
EcACAT,ScHMGS,BpHMGR,MmMK,SaPMK,SaPMD,SlIDI,PgGPPS,MsLS
EcACAT,ScHMGS,BpHMGR,MmMK,SaPMK,SaPMD,SlIDI,PgGPPS,MsLS
EcACAT,ScHMGS,BpHMGR,MmMK,PzPMK,SaPMD,SlIDI,PgGPPS,MsLS
EcACAT,ScHMGS,BpHMGR,MmMK,PzPMK,SaPMD,SlIDI,PgGPPS,MsLS
EcACAT,ScHMGS,BpHMGR,MmMK,PzPMK,SaPMD,SlIDI,PgGPPS,MsLS
EcACAT,ScHMGS,BpHMGR,MmMK,PzPMK,SaPMD,SlIDI,PgGPPS,MsLS
EcACAT,ScHMGS,BpHMGR,MmMK,EcPMK,SaPMD,SlIDI,PgGPPS,MsLS
EcACAT,ScHMGS,BpHMGR,MmMK,EcPMK,SaPMD,SlIDI,PgGPPS,MsLS
EcACAT,ScHMGS,BpHMGR,MmMK,EcPMK,SaPMD,SlIDI,PgGPPS,MsLS
EcACAT,ScHMGS,BpHMGR,MmMK,EcPMK,SaPMD,SlIDI,PgGPPS,MsLS
EcACAT,ScHMGS,BpHMGR,MmMK,ScPMK,ZgPMD,SlIDI,PgGPPS,MsLS
EcACAT,ScHMGS,BpHMGR,MmMK,ScPMK,ZgPMD,SlIDI,PgGPPS,MsLS
EcACAT,ScHMGS,BpHMGR,MmMK,ScPMK,ZgPMD,SlIDI,PgGPPS,MsLS
EcACAT,ScHMGS,BpHMGR,MmMK,ScPMK,ZgPMD,SlIDI,PgGPPS,MsLS
EcACAT,ScHMGS,BpHMGR,MmMK,SaPMK,ZgPMD,SlIDI,PgGPPS,MsLS
EcACAT,ScHMGS,BpHMGR,MmMK,SaPMK,ZgPMD,SlIDI,PgGPPS,MsLS
EcACAT,ScHMGS,BpHMGR,MmMK,SaPMK,ZgPMD,SlIDI,PgGPPS,MsLS
EcACAT,ScHMGS,BpHMGR,MmMK,SaPMK,ZgPMD,SlIDI,PgGPPS,MsLS
EcACAT,ScHMGS,BpHMGR,MmMK,PzPMK,ZgPMD,SlIDI,PgGPPS,MsLS
EcACAT,ScHMGS,BpHMGR,MmMK,PzPMK,ZgPMD,SlIDI,PgGPPS,MsLS
EcACAT,ScHMGS,BpHMGR,MmMK,PzPMK,ZgPMD,SlIDI,PgGPPS,MsLS
EcACAT,ScHMGS,BpHMGR,MmMK,PzPMK,ZgPMD,SlIDI,PgGPPS,MsLS
EcACAT,ScHMGS,BpHMGR,MmMK,EcPMK,ZgPMD,SlIDI,PgGPPS,MsLS
EcACAT,ScHMGS,BpHMGR,MmMK,EcPMK,ZgPMD,SlIDI,PgGPPS,MsLS
EcACAT,ScHMGS,BpHMGR,MmMK,EcPMK,ZgPMD,SlIDI,PgGPPS,MsLS
EcACAT,ScHMGS,BpHMGR,MmMK,EcPMK,ZgPMD,SlIDI,PgGPPS,MsLS
EcACAT,ScHMGS,BpHMGR,ScMK,PzPMK,ScPMD,SlIDI,PgGPPS,MsLS
EcACAT,ScHMGS,BpHMGR,ScMK,PzPMK,ScPMD,SlIDI,PgGPPS,MsLS
EcACAT,ScHMGS,BpHMGR,ScMK,PzPMK,ScPMD,SlIDI,PgGPPS,MsLS
EcACAT,ScHMGS,BpHMGR,ScMK,PzPMK,ScPMD,SlIDI,PgGPPS,MsLS
EcACAT,ScHMGS,BpHMGR,SaMK,PzPMK,ScPMD,SlIDI,PgGPPS,MsLS
EcACAT,ScHMGS,BpHMGR,SaMK,PzPMK,ScPMD,SlIDI,PgGPPS,MsLS
EcACAT,ScHMGS,BpHMGR,SaMK,PzPMK,ScPMD,SlIDI,PgGPPS,MsLS
EcACAT,ScHMGS,BpHMGR,SaMK,PzPMK,ScPMD,SlIDI,PgGPPS,MsLS
EcACAT,ScHMGS,BpHMGR,NmMK,PzPMK,ScPMD,SlIDI,PgGPPS,MsLS
EcACAT,ScHMGS,BpHMGR,NmMK,PzPMK,ScPMD,SlIDI,PgGPPS,MsLS
EcACAT,ScHMGS,BpHMGR,NmMK,PzPMK,ScPMD,SlIDI,PgGPPS,MsLS
EcACAT,ScHMGS,BpHMGR,NmMK,PzPMK,ScPMD,SlIDI,PgGPPS,MsLS
EcACAT,ScHMGS,BpHMGR,BmMK,PzPMK,ScPMD,SlIDI,PgGPPS,MsLS
EcACAT,ScHMGS,BpHMGR,BmMK,PzPMK,ScPMD,SlIDI,PgGPPS,MsLS
EcACAT,ScHMGS,BpHMGR,BmMK,PzPMK,ScPMD,SlIDI,PgGPPS,MsLS
EcACAT,ScHMGS,BpHMGR,BmMK,PzPMK,ScPMD,SlIDI,PgGPPS,MsLS
EcACAT,ScHMGS,BpHMGR,ScMK,PzPMK,ScPMD,SaIDI,PgGPPS,MsLS
EcACAT,ScHMGS,BpHMGR,ScMK,PzPMK,ScPMD,SaIDI,PgGPPS,MsLS
EcACAT,ScHMGS,BpHMGR,ScMK,PzPMK,ScPMD,SaIDI,PgGPPS,MsLS
EcACAT,ScHMGS,BpHMGR,ScMK,PzPMK,ScPMD,SaIDI,PgGPPS,MsLS
EcACAT,ScHMGS,BpHMGR,SaMK,PzPMK,ScPMD,SaIDI,PgGPPS,MsLS
EcACAT,ScHMGS,BpHMGR,SaMK,PzPMK,ScPMD,SaIDI,PgGPPS,MsLS
EcACAT,ScHMGS,BpHMGR,SaMK,PzPMK,ScPMD,SaIDI,PgGPPS,MsLS
EcACAT,ScHMGS,BpHMGR,SaMK,PzPMK,ScPMD,SaIDI,PgGPPS,MsLS
EcACAT,ScHMGS,BpHMGR,NmMK,PzPMK,ScPMD,SaIDI,PgGPPS,MsLS
EcACAT,ScHMGS,BpHMGR,NmMK,PzPMK,ScPMD,SaIDI,PgGPPS,MsLS
EcACAT,ScHMGS,BpHMGR,NmMK,PzPMK,ScPMD,SaIDI,PgGPPS,MsLS
EcACAT,ScHMGS,BpHMGR,NmMK,PzPMK,ScPMD,SaIDI,PgGPPS,MsLS
EcACAT,ScHMGS,BpHMGR,BmMK,PzPMK,ScPMD,SaIDI,PgGPPS,MsLS
EcACAT,ScHMGS,BpHMGR,BmMK,PzPMK,ScPMD,SaIDI,PgGPPS,MsLS
EcACAT,ScHMGS,BpHMGR,BmMK,PzPMK,ScPMD,SaIDI,PgGPPS,MsLS
EcACAT,ScHMGS,BpHMGR,BmMK,PzPMK,ScPMD,SaIDI,PgGPPS,MsLS
EcACAT,ScHMGS,BpHMGR,ScMK,ScPMK,ScPMD,SlIDI,PgGPPS,MsLS
EcACAT,ScHMGS,BpHMGR,ScMK,ScPMK,ScPMD,SlIDI,PgGPPS,MsLS
EcACAT,ScHMGS,BpHMGR,ScMK,ScPMK,ScPMD,SlIDI,PgGPPS,MsLS
EcACAT,ScHMGS,BpHMGR,ScMK,ScPMK,ScPMD,SlIDI,PgGPPS,MsLS
EcACAT,ScHMGS,BpHMGR,SaMK,ScPMK,ScPMD,SlIDI,PgGPPS,MsLS
EcACAT,ScHMGS,BpHMGR,SaMK,ScPMK,ScPMD,SlIDI,PgGPPS,MsLS
EcACAT,ScHMGS,BpHMGR,SaMK,ScPMK,ScPMD,SlIDI,PgGPPS,MsLS
EcACAT,ScHMGS,BpHMGR,SaMK,ScPMK,ScPMD,SlIDI,PgGPPS,MsLS
EcACAT,ScHMGS,BpHMGR,NmMK,ScPMK,ScPMD,SlIDI,PgGPPS,MsLS
EcACAT,ScHMGS,BpHMGR,NmMK,ScPMK,ScPMD,SlIDI,PgGPPS,MsLS
EcACAT,ScHMGS,BpHMGR,NmMK,ScPMK,ScPMD,SlIDI,PgGPPS,MsLS
EcACAT,ScHMGS,BpHMGR,NmMK,ScPMK,ScPMD,SlIDI,PgGPPS,MsLS
EcACAT,ScHMGS,BpHMGR,BmMK,ScPMK,ScPMD,SlIDI,PgGPPS,MsLS
EcACAT,ScHMGS,BpHMGR,BmMK,ScPMK,ScPMD,SlIDI,PgGPPS,MsLS
EcACAT,ScHMGS,BpHMGR,BmMK,ScPMK,ScPMD,SlIDI,PgGPPS,MsLS
EcACAT,ScHMGS,BpHMGR,BmMK,ScPMK,ScPMD,SlIDI,PgGPPS,MsLS
EcACAT,ScHMGS,BpHMGR,SpMK,PzPMK,ScPMD,SlIDI,PgGPPS,MsLS
EcACAT,ScHMGS,BpHMGR,SpMK,PzPMK,ScPMD,SlIDI,PgGPPS,MsLS
EcACAT,ScHMGS,BpHMGR,SpMK,PzPMK,ScPMD,SlIDI,PgGPPS,MsLS
EcACAT,ScHMGS,BpHMGR,SpMK,PzPMK,ScPMD,SlIDI,PgGPPS,MsLS
EcACAT,ScHMGS,BpHMGR,SpMK,PzPMK,ScPMD,SaIDI,PgGPPS,MsLS
EcACAT,ScHMGS,BpHMGR,SpMK,PzPMK,ScPMD,SaIDI,PgGPPS,MsLS
EcACAT,ScHMGS,BpHMGR,SpMK,PzPMK,ScPMD,SaIDI,PgGPPS,MsLS
EcACAT,ScHMGS,BpHMGR,SpMK,PzPMK,ScPMD,SaIDI,PgGPPS,MsLS
EcACAT,ScHMGS,BpHMGR,SpMK,ScPMK,ScPMD,SlIDI,PgGPPS,MsLS
EcACAT,ScHMGS,BpHMGR,SpMK,ScPMK,ScPMD,SlIDI,PgGPPS,MsLS
EcACAT,ScHMGS,BpHMGR,SpMK,ScPMK,ScPMD,SlIDI,PgGPPS,MsLS
EcACAT,ScHMGS,BpHMGR,SpMK,ScPMK,ScPMD,SlIDI,PgGPPS,MsLS
EcACAT,ScHMGS,BpHMGR,ScMK,EcPMK,ScPMD,SlIDI,PgGPPS,MsLS
EcACAT,ScHMGS,BpHMGR,ScMK,EcPMK,ScPMD,SlIDI,PgGPPS,MsLS
EcACAT,ScHMGS,BpHMGR,ScMK,EcPMK,ScPMD,SlIDI,PgGPPS,MsLS
EcACAT,ScHMGS,BpHMGR,ScMK,EcPMK,ScPMD,SlIDI,PgGPPS,MsLS
EcACAT,ScHMGS,BpHMGR,SaMK,EcPMK,ScPMD,SlIDI,PgGPPS,MsLS
EcACAT,ScHMGS,BpHMGR,SaMK,EcPMK,ScPMD,SlIDI,PgGPPS,MsLS
EcACAT,ScHMGS,BpHMGR,SaMK,EcPMK,ScPMD,SlIDI,PgGPPS,MsLS
EcACAT,ScHMGS,BpHMGR,SaMK,EcPMK,ScPMD,SlIDI,PgGPPS,MsLS
EcACAT,ScHMGS,BpHMGR,SpMK,EcPMK,ScPMD,SlIDI,PgGPPS,MsLS
EcACAT,ScHMGS,BpHMGR,SpMK,EcPMK,ScPMD,SlIDI,PgGPPS,MsLS
EcACAT,ScHMGS,BpHMGR,SpMK,EcPMK,ScPMD,SlIDI,PgGPPS,MsLS
EcACAT,ScHMGS,BpHMGR,SpMK,EcPMK,ScPMD,SlIDI,PgGPPS,MsLS
EcACAT,ScHMGS,BpHMGR,NmMK,EcPMK,ScPMD,SlIDI,PgGPPS,MsLS
EcACAT,ScHMGS,BpHMGR,NmMK,EcPMK,ScPMD,SlIDI,PgGPPS,MsLS
EcACAT,ScHMGS,BpHMGR,NmMK,EcPMK,ScPMD,SlIDI,PgGPPS,MsLS
EcACAT,ScHMGS,BpHMGR,NmMK,EcPMK,ScPMD,SlIDI,PgGPPS,MsLS
EcACAT,ScHMGS,BpHMGR,BmMK,EcPMK,ScPMD,SlIDI,PgGPPS,MsLS
EcACAT,ScHMGS,BpHMGR,BmMK,EcPMK,ScPMD,SlIDI,PgGPPS,MsLS
EcACAT,ScHMGS,BpHMGR,BmMK,EcPMK,ScPMD,SlIDI,PgGPPS,MsLS
EcACAT,ScHMGS,BpHMGR,BmMK,EcPMK,ScPMD,SlIDI,PgGPPS,MsLS
EcACAT,ScHMGS,BpHMGR,ScMK,ScPMK,ScPMD,SceIDI,StGPPS,MsLS
EcACAT,ScHMGS,BpHMGR,ScMK,ScPMK,ScPMD,SceIDI,StGPPS,MsLS
EcACAT,ScHMGS,BpHMGR,ScMK,ScPMK,ScPMD,SceIDI,StGPPS,MsLS
EcACAT,ScHMGS,BpHMGR,ScMK,ScPMK,ScPMD,SceIDI,StGPPS,MsLS
EcACAT,ScHMGS,BpHMGR,SaMK,ScPMK,ScPMD,SceIDI,StGPPS,MsLS
EcACAT,ScHMGS,BpHMGR,SaMK,ScPMK,ScPMD,SceIDI,StGPPS,MsLS
EcACAT,ScHMGS,BpHMGR,SaMK,ScPMK,ScPMD,SceIDI,StGPPS,MsLS
EcACAT,ScHMGS,BpHMGR,SaMK,ScPMK,ScPMD,SceIDI,StGPPS,MsLS
EcACAT,ScHMGS,BpHMGR,SpMK,ScPMK,ScPMD,SceIDI,StGPPS,MsLS
EcACAT,ScHMGS,BpHMGR,SpMK,ScPMK,ScPMD,SceIDI,StGPPS,MsLS
EcACAT,ScHMGS,BpHMGR,SpMK,ScPMK,ScPMD,SceIDI,StGPPS,MsLS
EcACAT,ScHMGS,BpHMGR,SpMK,ScPMK,ScPMD,SceIDI,StGPPS,MsLS
EcACAT,ScHMGS,BpHMGR,NmMK,ScPMK,ScPMD,SceIDI,StGPPS,MsLS
EcACAT,ScHMGS,BpHMGR,NmMK,ScPMK,ScPMD,SceIDI,StGPPS,MsLS
EcACAT,ScHMGS,BpHMGR,NmMK,ScPMK,ScPMD,SceIDI,StGPPS,MsLS
EcACAT,ScHMGS,BpHMGR,NmMK,ScPMK,ScPMD,SceIDI,StGPPS,MsLS
EcACAT,ScHMGS,BpHMGR,BmMK,ScPMK,ScPMD,SceIDI,StGPPS,MsLS
EcACAT,ScHMGS,BpHMGR,BmMK,ScPMK,ScPMD,SceIDI,StGPPS,MsLS
EcACAT,ScHMGS,BpHMGR,BmMK,ScPMK,ScPMD,SceIDI,StGPPS,MsLS
EcACAT,ScHMGS,BpHMGR,BmMK,ScPMK,ScPMD,SceIDI,StGPPS,MsLS
EcACAT,ScHMGS,PmHMGR,MmMK,PzPMK,ScPMD,SlIDI,PgGPPS,MsLS
EcACAT,ScHMGS,PmHMGR,MmMK,PzPMK,ScPMD,SlIDI,PgGPPS,MsLS
EcACAT,ScHMGS,PmHMGR,MmMK,PzPMK,ScPMD,SlIDI,PgGPPS,MsLS
EcACAT,ScHMGS,PmHMGR,MmMK,PzPMK,ScPMD,SlIDI,PgGPPS,MsLS
EcACAT,ScHMGS,SaHMGR,MmMK,PzPMK,ScPMD,SlIDI,PgGPPS,MsLS
EcACAT,ScHMGS,SaHMGR,MmMK,PzPMK,ScPMD,SlIDI,PgGPPS,MsLS
EcACAT,ScHMGS,SaHMGR,MmMK,PzPMK,ScPMD,SlIDI,PgGPPS,MsLS
EcACAT,ScHMGS,SaHMGR,MmMK,PzPMK,ScPMD,SlIDI,PgGPPS,MsLS
EcACAT,ScHMGS,DaHMGR,MmMK,PzPMK,ScPMD,SlIDI,PgGPPS,MsLS
EcACAT,ScHMGS,DaHMGR,MmMK,PzPMK,ScPMD,SlIDI,PgGPPS,MsLS
EcACAT,ScHMGS,DaHMGR,MmMK,PzPMK,ScPMD,SlIDI,PgGPPS,MsLS
EcACAT,ScHMGS,DaHMGR,MmMK,PzPMK,ScPMD,SlIDI,PgGPPS,MsLS
EcACAT,ScHMGS,PmHMGR,MmMK,PzPMK,ScPMD,SaIDI,PgGPPS,MsLS
EcACAT,ScHMGS,PmHMGR,MmMK,PzPMK,ScPMD,SaIDI,PgGPPS,MsLS
EcACAT,ScHMGS,PmHMGR,MmMK,PzPMK,ScPMD,SaIDI,PgGPPS,MsLS
EcACAT,ScHMGS,PmHMGR,MmMK,PzPMK,ScPMD,SaIDI,PgGPPS,MsLS
EcACAT,ScHMGS,SaHMGR,MmMK,PzPMK,ScPMD,SaIDI,PgGPPS,MsLS
EcACAT,ScHMGS,SaHMGR,MmMK,PzPMK,ScPMD,SaIDI,PgGPPS,MsLS
EcACAT,ScHMGS,SaHMGR,MmMK,PzPMK,ScPMD,SaIDI,PgGPPS,MsLS
EcACAT,ScHMGS,SaHMGR,MmMK,PzPMK,ScPMD,SaIDI,PgGPPS,MsLS
EcACAT,ScHMGS,DaHMGR,MmMK,PzPMK,ScPMD,SaIDI,PgGPPS,MsLS
EcACAT,ScHMGS,DaHMGR,MmMK,PzPMK,ScPMD,SaIDI,PgGPPS,MsLS
EcACAT,ScHMGS,DaHMGR,MmMK,PzPMK,ScPMD,SaIDI,PgGPPS,MsLS
EcACAT,ScHMGS,DaHMGR,MmMK,PzPMK,ScPMD,SaIDI,PgGPPS,MsLS
EcACAT,ScHMGS,PmHMGR,MmMK,ScPMK,ScPMD,SlIDI,PgGPPS,MsLS
EcACAT,ScHMGS,PmHMGR,MmMK,ScPMK,ScPMD,SlIDI,PgGPPS,MsLS
EcACAT,ScHMGS,PmHMGR,MmMK,ScPMK,ScPMD,SlIDI,PgGPPS,MsLS
EcACAT,ScHMGS,PmHMGR,MmMK,ScPMK,ScPMD,SlIDI,PgGPPS,MsLS
EcACAT,ScHMGS,SaHMGR,MmMK,ScPMK,ScPMD,SlIDI,PgGPPS,MsLS
EcACAT,ScHMGS,SaHMGR,MmMK,ScPMK,ScPMD,SlIDI,PgGPPS,MsLS
EcACAT,ScHMGS,SaHMGR,MmMK,ScPMK,ScPMD,SlIDI,PgGPPS,MsLS
EcACAT,ScHMGS,SaHMGR,MmMK,ScPMK,ScPMD,SlIDI,PgGPPS,MsLS
EcACAT,ScHMGS,DaHMGR,MmMK,ScPMK,ScPMD,SlIDI,PgGPPS,MsLS
EcACAT,ScHMGS,DaHMGR,MmMK,ScPMK,ScPMD,SlIDI,PgGPPS,MsLS
EcACAT,ScHMGS,DaHMGR,MmMK,ScPMK,ScPMD,SlIDI,PgGPPS,MsLS
EcACAT,ScHMGS,DaHMGR,MmMK,ScPMK,ScPMD,SlIDI,PgGPPS,MsLS
EcACAT,ScHMGS,PmHMGR,MmMK,EcPMK,ScPMD,SlIDI,PgGPPS,MsLS
EcACAT,ScHMGS,PmHMGR,MmMK,EcPMK,ScPMD,SlIDI,PgGPPS,MsLS
EcACAT,ScHMGS,PmHMGR,MmMK,EcPMK,ScPMD,SlIDI,PgGPPS,MsLS
EcACAT,ScHMGS,PmHMGR,MmMK,EcPMK,ScPMD,SlIDI,PgGPPS,MsLS
EcACAT,ScHMGS,SaHMGR,MmMK,EcPMK,ScPMD,SlIDI,PgGPPS,MsLS
EcACAT,ScHMGS,SaHMGR,MmMK,EcPMK,ScPMD,SlIDI,PgGPPS,MsLS
EcACAT,ScHMGS,SaHMGR,MmMK,EcPMK,ScPMD,SlIDI,PgGPPS,MsLS
EcACAT,ScHMGS,SaHMGR,MmMK,EcPMK,ScPMD,SlIDI,PgGPPS,MsLS
EcACAT,ScHMGS,DaHMGR,MmMK,EcPMK,ScPMD,SlIDI,PgGPPS,MsLS
EcACAT,ScHMGS,DaHMGR,MmMK,EcPMK,ScPMD,SlIDI,PgGPPS,MsLS
EcACAT,ScHMGS,DaHMGR,MmMK,EcPMK,ScPMD,SlIDI,PgGPPS,MsLS
EcACAT,ScHMGS,DaHMGR,MmMK,EcPMK,ScPMD,SlIDI,PgGPPS,MsLS
EcACAT,SaHMGS,BpHMGR,MmMK,PzPMK,ScPMD,SlIDI,PgGPPS,MsLS
EcACAT,SaHMGS,BpHMGR,MmMK,PzPMK,ScPMD,SlIDI,PgGPPS,MsLS
EcACAT,SaHMGS,BpHMGR,MmMK,PzPMK,ScPMD,SlIDI,PgGPPS,MsLS
EcACAT,SaHMGS,BpHMGR,MmMK,PzPMK,ScPMD,SlIDI,PgGPPS,MsLS
EcACAT,ScHMGS,BpHMGR,MmMK,PzPMK,ScPMD,SlIDI,PgGPPS,MsLS
EcACAT,ScHMGS,BpHMGR,MmMK,PzPMK,ScPMD,SlIDI,PgGPPS,MsLS
EcACAT,ScHMGS,BpHMGR,MmMK,PzPMK,ScPMD,SlIDI,PgGPPS,MsLS
EcACAT,ScHMGS,BpHMGR,MmMK,PzPMK,ScPMD,SlIDI,PgGPPS,MsLS
EcACAT,SaHMGS,BpHMGR,MmMK,PzPMK,ScPMD,SlIDI,PgGPPS,MsLS
EcACAT,SaHMGS,BpHMGR,MmMK,PzPMK,ScPMD,SlIDI,PgGPPS,MsLS
EcACAT,SaHMGS,BpHMGR,MmMK,PzPMK,ScPMD,SlIDI,PgGPPS,MsLS
EcACAT,SaHMGS,BpHMGR,MmMK,PzPMK,ScPMD,SlIDI,PgGPPS,MsLS
EcACAT,SaHMGS,BpHMGR,MmMK,ScPMK,ScPMD,SlIDI,PgGPPS,MsLS
EcACAT,SaHMGS,BpHMGR,MmMK,ScPMK,ScPMD,SlIDI,PgGPPS,MsLS
EcACAT,SaHMGS,BpHMGR,MmMK,ScPMK,ScPMD,SlIDI,PgGPPS,MsLS
EcACAT,SaHMGS,BpHMGR,MmMK,ScPMK,ScPMD,SlIDI,PgGPPS,MsLS
EcACAT,ScHMGS,BpHMGR,MmMK,ScPMK,ScPMD,SlIDI,PgGPPS,MsLS
EcACAT,ScHMGS,BpHMGR,MmMK,ScPMK,ScPMD,SlIDI,PgGPPS,MsLS
EcACAT,ScHMGS,BpHMGR,MmMK,ScPMK,ScPMD,SlIDI,PgGPPS,MsLS
EcACAT,ScHMGS,BpHMGR,MmMK,ScPMK,ScPMD,SlIDI,PgGPPS,MsLS
EcACAT,SaHMGS,BpHMGR,MmMK,ScPMK,ScPMD,SlIDI,PgGPPS,MsLS
EcACAT,SaHMGS,BpHMGR,MmMK,ScPMK,ScPMD,SlIDI,PgGPPS,MsLS
EcACAT,SaHMGS,BpHMGR,MmMK,ScPMK,ScPMD,SlIDI,PgGPPS,MsLS
EcACAT,SaHMGS,BpHMGR,MmMK,ScPMK,ScPMD,SlIDI,PgGPPS,MsLS
EcACAT,SaHMGS,BpHMGR,MmMK,EcPMK,ScPMD,SlIDI,PgGPPS,MsLS
EcACAT,SaHMGS,BpHMGR,MmMK,EcPMK,ScPMD,SlIDI,PgGPPS,MsLS
EcACAT,SaHMGS,BpHMGR,MmMK,EcPMK,ScPMD,SlIDI,PgGPPS,MsLS
EcACAT,SaHMGS,BpHMGR,MmMK,EcPMK,ScPMD,SlIDI,PgGPPS,MsLS
EcACAT,ScHMGS,BpHMGR,MmMK,EcPMK,ScPMD,SlIDI,PgGPPS,MsLS
EcACAT,ScHMGS,BpHMGR,MmMK,EcPMK,ScPMD,SlIDI,PgGPPS,MsLS
EcACAT,ScHMGS,BpHMGR,MmMK,EcPMK,ScPMD,SlIDI,PgGPPS,MsLS
EcACAT,ScHMGS,BpHMGR,MmMK,EcPMK,ScPMD,SlIDI,PgGPPS,MsLS
EcACAT,SaHMGS,BpHMGR,MmMK,EcPMK,ScPMD,SlIDI,PgGPPS,MsLS
EcACAT,SaHMGS,BpHMGR,MmMK,EcPMK,ScPMD,SlIDI,PgGPPS,MsLS
EcACAT,SaHMGS,BpHMGR,MmMK,EcPMK,ScPMD,SlIDI,PgGPPS,MsLS
EcACAT,SaHMGS,BpHMGR,MmMK,EcPMK,ScPMD,SlIDI,PgGPPS,MsLS
EcACAT,ScHMGS,PmHMGR,MmMK,ScPMK,ScPMD,SceIDI,StGPPS,MsLS
EcACAT,ScHMGS,PmHMGR,MmMK,ScPMK,ScPMD,SceIDI,StGPPS,MsLS
EcACAT,ScHMGS,PmHMGR,MmMK,ScPMK,ScPMD,SceIDI,StGPPS,MsLS
EcACAT,ScHMGS,PmHMGR,MmMK,ScPMK,ScPMD,SceIDI,StGPPS,MsLS
EcACAT,ScHMGS,SaHMGR,MmMK,ScPMK,ScPMD,SceIDI,StGPPS,MsLS
EcACAT,ScHMGS,SaHMGR,MmMK,ScPMK,ScPMD,SceIDI,StGPPS,MsLS
EcACAT,ScHMGS,SaHMGR,MmMK,ScPMK,ScPMD,SceIDI,StGPPS,MsLS
EcACAT,ScHMGS,SaHMGR,MmMK,ScPMK,ScPMD,SceIDI,StGPPS,MsLS
EcACAT,ScHMGS,DaHMGR,MmMK,ScPMK,ScPMD,SceIDI,StGPPS,MsLS
EcACAT,ScHMGS,DaHMGR,MmMK,ScPMK,ScPMD,SceIDI,StGPPS,MsLS
EcACAT,ScHMGS,DaHMGR,MmMK,ScPMK,ScPMD,SceIDI,StGPPS,MsLS
EcACAT,ScHMGS,DaHMGR,MmMK,ScPMK,ScPMD,SceIDI,StGPPS,MsLS
EcACAT,ScHMGS,ScHMGR,ScMK,ScPMK,ScPMD,EcIDI,AgGPPS,MsLS
EcACAT,ScHMGS,ScHMGR,ScMK,ScPMK,ScPMD,EcIDI,AgGPPS,MsLS
EcACAT,ScHMGS,ScHMGR,ScMK,ScPMK,ScPMD,EcIDI,AgGPPS,MsLS
EcACAT,ScHMGS,ScHMGR,ScMK,ScPMK,ScPMD,EcIDI,AgGPPS,MsLS
EcACAT,ScHMGS,PmHMGR,ScMK,ScPMK,ScPMD,EcIDI,PaGPPS,MsLS
EcACAT,ScHMGS,PmHMGR,ScMK,ScPMK,ScPMD,EcIDI,PaGPPS,MsLS
EcACAT,ScHMGS,PmHMGR,ScMK,ScPMK,ScPMD,EcIDI,PaGPPS,MsLS
EcACAT,ScHMGS,PmHMGR,ScMK,ScPMK,ScPMD,EcIDI,PaGPPS,MsLS
EcACAT,ScHMGS,ScHMGR,MmMK,PzPMK,ScPMD,SlIDI,PgGPPS,MsLS
EcACAT,ScHMGS,ScHMGR,MmMK,PzPMK,ScPMD,SlIDI,PgGPPS,MsLS
EcACAT,ScHMGS,ScHMGR,MmMK,PzPMK,ScPMD,SlIDI,PgGPPS,MsLS
EcACAT,ScHMGS,ScHMGR,MmMK,PzPMK,ScPMD,SlIDI,PgGPPS,MsLS
EcACAT,ScHMGS,ScHMGR,ScMK,ScPMK,ScPMD,EcIDI,AgGPPS,MsLS
EcACAT,ScHMGS,ScHMGR,ScMK,ScPMK,ScPMD,EcIDI,AgGPPS,MsLS
EcACAT,ScHMGS,ScHMGR,ScMK,ScPMK,ScPMD,EcIDI,AgGPPS,MsLS
EcACAT,ScHMGS,ScHMGR,ScMK,ScPMK,ScPMD,EcIDI,AgGPPS,MsLS
EcACAT,ScHMGS,BpHMGR,MmMK,SpPMK,ScPMD,SclIDI,PgGPPS,MsLS
EcACAT,ScHMGS,BpHMGR,MmMK,SpPMK,ScPMD,SclIDI,PgGPPS,MsLS
EcACAT,ScHMGS,BpHMGR,MmMK,SpPMK,ScPMD,SclIDI,PgGPPS,MsLS
EcACAT,ScHMGS,BpHMGR,MmMK,SpPMK,ScPMD,SclIDI,PgGPPS,MsLS
EcACAT,ScHMGS,BpHMGR,MmMK,SpPMK,ScPMD,EcIDI,PgGPPS,MsLS
EcACAT,ScHMGS,BpHMGR,MmMK,SpPMK,ScPMD,EcIDI,PgGPPS,MsLS
EcACAT,ScHMGS,BpHMGR,MmMK,SpPMK,ScPMD,EcIDI,PgGPPS,MsLS
EcACAT,ScHMGS,BpHMGR,MmMK,SpPMK,ScPMD,EcIDI,PgGPPS,MsLS
EcACAT,ScHMGS,BpHMGR,MmMK,SpPMK,ScPMD,SlIDI,PgGPPS,MsLS
EcACAT,ScHMGS,BpHMGR,MmMK,SpPMK,ScPMD,SlIDI,PgGPPS,MsLS
EcACAT,ScHMGS,BpHMGR,MmMK,SpPMK,ScPMD,SlIDI,PgGPPS,MsLS
EcACAT,ScHMGS,BpHMGR,MmMK,SpPMK,ScPMD,SlIDI,PgGPPS,MsLS
EcACAT,ScHMGS,BpHMGR,MmMK,ScPMK,ScPMD,SlIDI,PgGPPS,MsLS
EcACAT,ScHMGS,BpHMGR,MmMK,ScPMK,ScPMD,SlIDI,PgGPPS,MsLS
EcACAT,ScHMGS,BpHMGR,MmMK,ScPMK,ScPMD,SlIDI,PgGPPS,MsLS
EcACAT,ScHMGS,BpHMGR,MmMK,ScPMK,ScPMD,SlIDI,PgGPPS,MsLS
EcACAT,ScHMGS,BpHMGR,ScMK,PzPMK,ScPMD,SlIDI,PgGPPS,MsLS
EcACAT,ScHMGS,BpHMGR,ScMK,PzPMK,ScPMD,SlIDI,PgGPPS,MsLS
EcACAT,ScHMGS,BpHMGR,ScMK,PzPMK,ScPMD,SlIDI,PgGPPS,MsLS
EcACAT,ScHMGS,BpHMGR,ScMK,PzPMK,ScPMD,SlIDI,PgGPPS,MsLS
EcACAT,ScHMGS,ScHMGR,MmMK,PzPMK,ScPMD,SlIDI,PgGPPS,MsLS
EcACAT,ScHMGS,ScHMGR,MmMK,PzPMK,ScPMD,SlIDI,PgGPPS,MsLS
EcACAT,ScHMGS,ScHMGR,MmMK,PzPMK,ScPMD,SlIDI,PgGPPS,MsLS
EcACAT,ScHMGS,ScHMGR,MmMK,PzPMK,ScPMD,SlIDI,PgGPPS,MsLS
EcACAT,ScHMGS,BpHMGR,MmMK,PzPMK,ScPMD,SlIDI,PgGPPS,MsLS
EcACAT,ScHMGS,BpHMGR,MmMK,PzPMK,ScPMD,SlIDI,PgGPPS,MsLS
EcACAT,ScHMGS,BpHMGR,MmMK,PzPMK,ScPMD,SlIDI,PgGPPS,MsLS
EcACAT,ScHMGS,BpHMGR,MmMK,PzPMK,ScPMD,SlIDI,PgGPPS,MsLS
